Executing action: monitor
Serial port /dev/ttyUSB0
Connecting......
Detecting chip type... ESP32
Running idf_monitor in directory /home/sabinho/github/power_profiller
Executing "/home/sabinho/.espressif/python_env/idf5.5_py3.14_env/bin/python /home/sabinho/esp/esp-idf/tools/idf_monitor.py -p /dev/ttyUSB0 -b 115200 --toolchain-prefix xtensa-esp32-elf- --target esp32 --revision 0 /home/sabinho/github/power_profiller/build/power_profiller.elf /home/sabinho/github/power_profiller/build/bootloader/bootloader.elf -m '/home/sabinho/.espressif/python_env/idf5.5_py3.14_env/bin/python' '/home/sabinho/esp/esp-idf/tools/idf.py'"...
ets Jul 29 2019 12:21:46

rst:0x1 (POWERON_RESET),boot:0x13 (SPI_FAST_FLASH_BOOT)
configsip: 0, SPIWP:0xee
clk_drv:0x00,q_drv:0x00,d_drv:0x00,cs0_drv:0x00,hd_drv:0x00,wp_drv:0x00
mode:DIO, clock div:2
load:0x3fff0030,len:6380
ho 0 tail 12 room 4
load:0x40078000,len:15916
load:0x40080400,len:3860
entry 0x40080638
[0;32mI (29) boot: ESP-IDF v5.5 2nd stage bootloader[0m
[0;32mI (29) boot: compile time Jun 25 2026 22:12:55[0m
[0;32mI (29) boot: Multicore bootloader[0m
[0;32mI (30) boot: chip revision: v3.1[0m
[0;32mI (33) boot.esp32: SPI Speed      : 40MHz[0m
[0;32mI (37) boot.esp32: SPI Mode       : DIO[0m
[0;32mI (40) boot.esp32: SPI Flash Size : 2MB[0m
[0;32mI (44) boot: Enabling RNG early entropy source...[0m
[0;32mI (49) boot: Partition Table:[0m
[0;32mI (51) boot: ## Label            Usage          Type ST Offset   Length[0m
[0;32mI (57) boot:  0 nvs              WiFi data        01 02 00009000 00006000[0m
[0;32mI (64) boot:  1 phy_init         RF data          01 01 0000f000 00001000[0m
[0;32mI (71) boot:  2 factory          factory app      00 00 00010000 00100000[0m
[0;32mI (77) boot: End of partition table[0m
[0;32mI (80) esp_image: segment 0: paddr=00010020 vaddr=3f400020 size=1e8cch (125132) map[0m
[0;32mI (131) esp_image: segment 1: paddr=0002e8f4 vaddr=3ff80000 size=00020h (    32) load[0m
[0;32mI (131) esp_image: segment 2: paddr=0002e91c vaddr=3ffb0000 size=016fch (  5884) load[0m
[0;32mI (137) esp_image: segment 3: paddr=00030020 vaddr=400d0020 size=93548h (603464) map[0m
[0;32mI (348) esp_image: segment 4: paddr=000c3570 vaddr=3ffb16fc size=0282ch ( 10284) load[0m
[0;32mI (352) esp_image: segment 5: paddr=000c5da4 vaddr=40080000 size=19480h (103552) load[0m
[0;32mI (405) boot: Loaded app from partition at offset 0x10000[0m
[0;32mI (405) boot: Disabling RNG early entropy source...[0m
[0;32mI (415) cpu_start: Multicore app[0m
[0;32mI (424) cpu_start: Pro cpu start user code[0m
[0;32mI (424) cpu_start: cpu freq: 160000000 Hz[0m
[0;32mI (424) app_init: Application information:[0m
[0;32mI (424) app_init: Project name:     power_profiller[0m
[0;32mI (429) app_init: App version:      3f35c1e[0m
[0;32mI (432) app_init: Compile time:     Jun 30 2026 14:31:40[0m
[0;32mI (438) app_init: ELF file SHA256:  36ce68cc3...[0m
[0;32mI (442) app_init: ESP-IDF:          v5.5[0m
[0;32mI (446) efuse_init: Min chip rev:     v0.0[0m
[0;32mI (449) efuse_init: Max chip rev:     v3.99 [0m
[0;32mI (453) efuse_init: Chip rev:         v3.1[0m
[0;32mI (457) heap_init: Initializing. RAM available for dynamic allocation:[0m
[0;32mI (464) heap_init: At 3FFAE6E0 len 00001920 (6 KiB): DRAM[0m
[0;32mI (469) heap_init: At 3FFB9318 len 00026CE8 (155 KiB): DRAM[0m
[0;32mI (474) heap_init: At 3FFE0440 len 00003AE0 (14 KiB): D/IRAM[0m
[0;32mI (479) heap_init: At 3FFE4350 len 0001BCB0 (111 KiB): D/IRAM[0m
[0;32mI (485) heap_init: At 40099480 len 00006B80 (26 KiB): IRAM[0m
[0;32mI (492) spi_flash: detected chip: generic[0m
[0;32mI (494) spi_flash: flash io: dio[0m
[0;33mW (497) spi_flash: Detected size(4096k) larger than the size in the binary image header(2048k). Using the size in the binary image header.[0m
[0;33mW (509) i2c: This driver is an old driver, please migrate your application code to adapt `driver/i2c_master.h`[0m
[0;32mI (519) main_task: Started on CPU0[0m
[0;32mI (522) main_task: Calling app_main()[0m
[0;32mI (524) profiler: Power profiler v2 — WiFi + web dashboard[0m
[0;32mI (561) wifi:wifi driver task: 3ffc1514, prio:23, stack:6656, core=0[0m
[0;32mI (575) wifi:wifi firmware version: f3dbad7[0m
[0;32mI (576) wifi:wifi certification version: v7.0[0m
[0;32mI (576) wifi:config NVS flash: enabled[0m
[0;32mI (576) wifi:config nano formatting: disabled[0m
[0;32mI (580) wifi:Init data frame dynamic rx buffer num: 32[0m
[0;32mI (585) wifi:Init static rx mgmt buffer num: 5[0m
[0;32mI (589) wifi:Init management short buffer num: 32[0m
[0;32mI (593) wifi:Init dynamic tx buffer num: 32[0m
[0;32mI (597) wifi:Init static rx buffer size: 1600[0m
[0;32mI (601) wifi:Init static rx buffer num: 10[0m
[0;32mI (605) wifi:Init dynamic rx buffer num: 32[0m
[0;32mI (610) wifi_init: rx ba win: 6[0m
[0;32mI (612) wifi_init: accept mbox: 6[0m
[0;32mI (615) wifi_init: tcpip mbox: 32[0m
[0;32mI (618) wifi_init: udp mbox: 6[0m
[0;32mI (621) wifi_init: tcp mbox: 6[0m
[0;32mI (624) wifi_init: tcp tx win: 5760[0m
[0;32mI (627) wifi_init: tcp rx win: 5760[0m
[0;32mI (630) wifi_init: tcp mss: 1440[0m
[0;32mI (633) wifi_init: WiFi IRAM OP enabled[0m
[0;32mI (636) wifi_init: WiFi RX IRAM OP enabled[0m
[0;33mW (641) wifi:Password length matches WPA2 standards, authmode threshold changes from OPEN to WPA2[0m
[0;32mI (650) phy_init: phy_version 4860,6b7a6e5,Feb  6 2025,14:47:07[0m
[0;32mI (725) phy_init: Saving new calibration data due to checksum failure or outdated calibration data, mode(0)[0m
[0;32mI (742) wifi:mode : sta (00:4b:12:30:ad:d8)[0m
[0;32mI (743) wifi:enable tsf[0m
[0;32mI (760) wifi:new:<6,0>, old:<1,0>, ap:<255,255>, sta:<6,0>, prof:1, snd_ch_cfg:0x0[0m
[0;32mI (761) wifi:state: init -> auth (0xb0)[0m
[0;32mI (1763) wifi:state: auth -> init (0x200)[0m
[0;32mI (1767) wifi:new:<6,0>, old:<6,0>, ap:<255,255>, sta:<6,0>, prof:1, snd_ch_cfg:0x0[0m
[0;33mW (1769) profiler: WiFi disconnected, reconnecting...[0m
[0;33mW (4185) profiler: WiFi disconnected, reconnecting...[0m
[0;32mI (4197) wifi:new:<6,0>, old:<6,0>, ap:<255,255>, sta:<6,0>, prof:1, snd_ch_cfg:0x0[0m
[0;32mI (4198) wifi:state: init -> auth (0xb0)[0m
[0;32mI (4207) wifi:state: auth -> assoc (0x0)[0m
[0;32mI (4220) wifi:state: assoc -> run (0x10)[0m
[0;32mI (4235) wifi:connected with Stella, aid = 7, channel 6, BW20, bssid = 30:96:10:88:01:0c[0m
[0;32mI (4235) wifi:security: WPA2-PSK, phy: bgn, rssi: -74[0m
[0;32mI (4240) wifi:pm start, type: 1[0m

[0;32mI (4240) wifi:dp: 1, bi: 102400, li: 3, scale listen interval from 307200 us to 307200 us[0m
[0;32mI (4269) wifi:AP's beacon interval = 102400 us, DTIM period = 1[0m
[0;32mI (5314) esp_netif_handlers: sta ip: 192.168.5.107, mask: 255.255.255.0, gw: 192.168.5.1[0m
[0;32mI (5315) profiler: WiFi connected — IP: 192.168.5.107[0m
[0;32mI (5317) profiler: WiFi ready[0m
[0;32mI (5323) profiler: HTTP server started on port 80[0m
[0;32mI (5324) profiler: I2C bus scan:[0m
[0;32mI (5341) profiler:   Device found at 0x44[0m
[0;32mI (5354) profiler: I2C scan complete[0m
[1;31mE (5354) ina226_bsp: Failed to write config register: ESP_FAIL[0m
[1;31mE (5355) ina226_bsp: Failed to write config register: ESP_FAIL[0m
[0;32mI (5358) ina226_bsp: Initialized at 0x44, shunt=0.100 Ω, I_LSB=24.414 µA, CAL=2097[0m
[0;32mI (5366) ina226_bsp: Device verified: MFG=0x5449 DIE=0x2260[0m
[0;32mI (5370) profiler: INA226 ready at 0x44[0m
timestamp_ms,voltage_v,current_ma,power_mw
4858,3.360,-0.073,0.000
4882,3.364,-0.049,0.000
4906,3.362,-0.073,0.000
4929,3.364,-0.049,0.000
4952,3.361,-0.073,0.000
4975,3.362,-0.049,0.000
4999,3.362,-0.049,0.000
5022,3.362,-0.073,0.000
5045,3.361,-0.049,0.000
5070,3.361,-0.049,0.000
5094,3.362,-0.073,0.000
5117,3.362,-0.073,0.000
5140,3.364,-0.073,0.000
5163,3.362,-0.049,0.000
5186,3.361,-0.049,0.000
5210,3.361,-0.049,0.000
5233,3.360,-0.049,0.000
5256,3.361,-0.073,0.000
5279,3.361,-0.049,0.000
5303,3.360,-0.049,0.000
5326,3.360,-0.073,0.000
5349,3.361,-0.049,0.000
5372,3.361,-0.049,0.000
5395,3.361,-0.049,0.000
5419,3.361,-0.049,0.000
5442,3.361,-0.049,0.000
5465,3.361,-0.049,0.000
5488,3.361,-0.073,0.000
5511,3.360,-0.049,0.000
5534,3.361,-0.073,0.000
5557,3.360,-0.073,0.000
5580,3.361,-0.073,0.000
5603,3.361,-0.073,0.000
5627,3.361,-0.049,0.000
5650,3.361,-0.073,0.000
5673,3.360,-0.049,0.000
5696,3.361,-0.073,0.000
5720,3.361,-0.049,0.000
5743,3.361,-0.049,0.000
5766,3.361,-0.049,0.000
5789,3.362,-0.073,0.000
5813,3.361,-0.049,0.000
5836,3.361,-0.049,0.000
5859,3.361,-0.049,0.000
5882,3.360,-0.073,0.000
5905,3.361,-0.073,0.000
5929,3.361,-0.073,0.000
5952,3.361,-0.049,0.000
5975,3.361,-0.049,0.000
5998,3.361,-0.049,0.000
6023,3.361,-0.049,0.000
6046,3.359,-0.024,0.000
6071,3.360,-0.024,0.000
6094,3.360,-0.024,0.000
6117,3.360,0.000,0.000
6141,3.361,0.000,0.000
6164,3.361,0.000,0.000
6187,3.360,0.000,0.000
6210,3.361,0.000,0.000
6234,3.360,0.024,0.000
6257,3.360,0.073,0.000
6280,3.359,0.098,0.000
6303,3.274,5.103,17.090
6327,3.274,5.078,17.090
6350,3.274,5.103,17.090
6373,3.275,5.127,17.090
6396,3.274,5.127,17.090
6419,3.274,5.103,17.090
6443,3.274,5.103,17.090
6466,3.134,10.889,32.959
6489,2.908,24.829,72.021
6512,3.024,7.031,23.193
6537,2.986,17.529,51.270
6560,2.895,22.778,65.308
6583,3.240,7.007,23.193
6606,2.994,22.363,67.139
6629,3.049,17.285,51.270
6653,3.234,7.251,26.855
6676,3.188,9.961,31.738
6699,3.189,9.985,31.738
6722,3.189,9.961,31.738
6746,3.189,1.978,6.714
6769,3.358,0.000,0.000
6792,3.358,0.000,0.000
6815,3.358,0.000,0.000
6839,3.358,0.024,0.000
6862,3.358,0.000,0.000
6885,3.358,0.000,0.000
6908,3.358,-0.049,0.000
6931,3.359,-0.073,0.000
6955,3.359,-0.073,0.000
6978,3.359,-0.073,0.000
7001,3.359,-0.073,0.000
7024,3.359,-0.073,0.000
7048,3.356,-0.073,0.000
7072,3.358,-0.073,0.000
7095,3.356,-0.073,0.000
7119,3.358,-0.049,0.000
7144,3.359,-0.049,0.000
7167,3.360,-0.049,0.000
7190,3.359,-0.049,0.000
7213,3.359,-0.073,0.000
7236,3.359,-0.049,0.000
7260,3.358,-0.024,0.000
7283,3.358,-0.049,0.000
7306,3.359,-0.073,0.000
7329,3.356,-0.073,0.000
7354,3.359,-0.073,0.000
7377,3.358,-0.049,0.000
7400,3.359,-0.073,0.000
7423,3.360,-0.073,0.000
7446,3.359,-0.073,0.000
7470,3.360,-0.049,0.000
7493,3.360,-0.073,0.000
7516,3.361,-0.073,0.000
7539,3.360,-0.073,0.000
7563,3.359,-0.073,0.000
7586,3.360,-0.073,0.000
7609,3.359,-0.049,0.000
7632,3.359,-0.049,0.000
7656,3.359,-0.073,0.000
7679,3.359,-0.049,0.000
7702,3.360,-0.073,0.000
7725,3.359,-0.073,0.000
7748,3.359,-0.049,0.000
7772,3.360,-0.049,0.000
7795,3.360,-0.073,0.000
7818,3.360,-0.073,0.000
7841,3.358,-0.073,0.000
7864,3.359,-0.049,0.000
7887,3.359,-0.073,0.000
7910,3.359,-0.073,0.000
7933,3.359,-0.049,0.000
7956,3.361,-0.049,0.000
7979,3.361,-0.073,0.000
8002,3.361,-0.049,0.000
8025,3.361,-0.073,0.000
8048,3.360,-0.049,0.000
8072,3.360,-0.073,0.000
8095,3.361,-0.049,0.000
8118,3.360,-0.073,0.000
8141,3.360,-0.073,0.000
8166,3.360,-0.073,0.000
8190,3.361,-0.049,0.000
8213,3.360,-0.073,0.000
8236,3.361,-0.049,0.000
8259,3.360,-0.049,0.000
8283,3.360,-0.049,0.000
8306,3.361,-0.049,0.000
8329,3.360,-0.049,0.000
8352,3.361,-0.049,0.000
8375,3.360,-0.049,0.000
8398,3.361,-0.073,0.000
8421,3.361,-0.049,0.000
8444,3.361,-0.049,0.000
8467,3.361,-0.073,0.000
8491,3.362,-0.024,0.000
8514,3.361,-0.049,0.000
8537,3.362,-0.049,0.000
8560,3.360,-0.049,0.000
8585,3.361,-0.049,0.000
8608,3.361,-0.049,0.000
8631,3.361,-0.049,0.000
8654,3.362,-0.073,0.000
8677,3.361,-0.073,0.000
8701,3.360,-0.049,0.000
8724,3.360,-0.073,0.000
8747,3.360,-0.049,0.000
8770,3.361,-0.073,0.000
8794,3.361,-0.073,0.000
8817,3.360,-0.049,0.000
8840,3.361,-0.049,0.000
8863,3.360,-0.073,0.000
8887,3.360,-0.073,0.000
8910,3.360,-0.049,0.000
8933,3.359,-0.049,0.000
8956,3.360,0.000,0.000
8979,3.359,0.000,0.000
9003,2.960,18.823,54.321
9026,3.250,6.592,20.752
9049,3.149,16.064,15.259
9072,3.223,8.154,26.245
9097,3.224,8.154,26.245
9120,3.224,8.105,26.245
9143,3.225,8.008,26.245
9166,3.226,8.008,26.245
9189,3.226,8.008,26.245
9213,3.225,8.008,26.245
9236,3.226,7.983,26.245
9259,3.219,7.959,26.245
9282,2.946,20.093,76.904
9306,2.850,26.831,76.294
9329,2.846,26.953,76.904
9352,2.846,27.100,77.515
9375,2.840,27.124,76.904
9399,2.841,27.222,77.515
9422,2.870,27.124,78.125
9445,2.869,27.100,78.125
9468,2.871,27.173,78.125
9491,2.870,27.393,78.735
9515,2.864,27.441,78.735
9538,2.859,27.783,78.735
9561,2.859,27.661,78.735
9584,2.856,27.954,78.735
9609,2.854,28.052,79.956
9632,2.852,28.174,80.566
9655,2.850,28.271,81.177
9678,2.854,28.052,79.956
9701,2.850,28.149,79.956
9725,2.850,28.174,79.956
9748,2.849,28.223,79.956
9771,2.850,28.271,81.177
9794,2.850,28.271,81.177
9818,2.850,28.296,81.177
9841,2.850,28.320,81.177
9864,2.850,28.320,81.177
9887,2.846,28.345,81.177
9911,2.846,28.394,81.177
9934,2.846,28.394,81.177
9957,2.846,28.394,81.177
9980,2.846,28.394,81.177
10003,2.845,28.394,80.566
10027,2.845,28.418,81.177
10050,2.845,28.418,81.177
10073,2.845,28.418,81.177
10096,2.844,28.442,81.177
10119,2.844,28.418,81.177
10142,2.842,28.442,81.177
10165,2.844,28.442,81.177
10188,2.841,28.467,81.177
10211,2.841,28.491,81.177
10235,2.841,28.491,81.177
10258,2.841,28.516,81.177
10281,2.838,28.540,81.177
10304,2.838,28.491,81.177
10328,2.830,28.564,81.177
10351,2.825,28.540,81.177
10374,2.820,28.516,79.956
10397,2.807,28.589,79.956
10421,2.794,28.833,79.956
10444,2.781,28.979,79.956
10467,2.766,29.077,80.566
10490,2.770,29.199,81.177
10513,2.770,29.297,81.177
10536,2.769,29.395,81.177
10559,2.767,29.468,81.787
10582,2.767,29.517,81.787
10605,2.773,29.492,81.787
10628,2.777,29.541,81.787
10651,2.776,29.517,81.787
10674,2.776,29.541,81.787
10697,2.781,29.541,81.787
10720,2.785,29.541,81.787
10744,2.794,29.590,83.008
10767,2.929,31.836,93.384
10790,2.916,32.397,94.604
10813,2.905,32.568,94.604
10837,2.900,32.715,95.215
10860,2.896,32.690,94.604
10883,2.894,32.666,93.994
10906,2.894,32.764,95.215
10929,2.895,32.837,95.215
10953,2.889,32.690,93.994
10976,2.885,32.764,94.604
10999,2.898,32.983,95.825
11022,2.895,32.959,95.825
11046,2.891,32.837,95.215
11069,2.886,32.837,95.215
11092,2.888,32.983,95.215
11116,2.881,32.813,94.604
11140,2.882,33.032,95.215
11163,2.882,33.081,95.825
11186,2.884,33.032,94.604
11209,2.890,33.179,95.215
11232,2.882,33.032,95.215
11256,2.881,32.983,95.215
11279,2.881,33.057,94.604
11302,2.884,32.983,95.215
11325,2.875,33.667,97.046
11350,3.220,11.694,37.842
11373,3.348,-0.049,0.000
11396,3.348,-0.049,0.000
11419,3.314,-0.049,0.000
11443,3.271,-0.049,0.000
11467,3.271,-0.049,0.000
11490,3.270,-0.049,0.000
11513,3.271,-0.073,0.000
11536,3.271,-0.049,0.000
11560,3.271,-0.049,0.000
11583,3.273,-0.049,0.000
11606,3.271,-0.049,0.000
11629,3.271,-0.049,0.000
11652,3.271,-0.049,0.000
11675,3.273,-0.049,0.000
11698,3.273,-0.073,0.000
11721,3.274,-0.024,0.000
11744,3.091,17.676,53.101
11768,3.185,6.592,20.752
11791,3.207,4.590,15.259
11814,3.165,8.179,26.245
11837,3.166,8.203,26.245
11861,3.168,8.203,26.245
11884,3.166,8.154,26.245
11907,3.168,8.105,26.245
11930,3.169,8.105,26.245
11953,3.185,8.105,26.245
11977,3.221,8.008,26.245
12000,3.132,13.037,40.283
12023,3.124,22.070,68.970
12046,3.287,6.958,23.193
12070,3.139,16.846,66.528
12093,3.062,14.160,44.556
12116,3.287,6.958,23.193
12140,3.106,22.974,65.308
12164,3.124,20.679,64.087
12187,3.250,9.521,31.128
12210,3.250,9.546,31.128
12233,3.251,9.521,6.714
12256,3.375,-0.073,0.000
12280,3.374,-0.024,0.000
12303,3.374,-0.073,0.000
12326,3.374,-0.049,0.000
12349,3.374,-0.049,0.000
12373,3.374,-0.049,0.000
12396,3.374,-0.049,0.000
12419,3.374,-0.049,0.000
12442,3.372,-0.049,0.000
12465,3.372,-0.073,0.000
12489,3.374,-0.049,0.000
12512,3.374,-0.073,0.000
12535,3.372,-0.049,0.000
12558,3.374,-0.049,0.000
12582,3.372,-0.049,0.000
12605,3.374,-0.073,0.000
12628,3.374,-0.049,0.000
12652,3.374,-0.049,0.000
12676,3.372,-0.049,0.000
12699,3.374,-0.073,0.000
12722,3.374,-0.049,0.000
12745,3.372,-0.049,0.000
12768,3.371,-0.073,0.000
12792,3.374,-0.049,0.000
12815,3.372,-0.049,0.000
12838,3.372,-0.049,0.000
12861,3.372,-0.049,0.000
12885,3.372,-0.049,0.000
12908,3.374,-0.049,0.000
12931,3.374,-0.049,0.000
12954,3.372,-0.049,0.000
12977,3.372,-0.073,0.000
13001,3.372,-0.073,0.000
13024,3.372,-0.049,0.000
13047,3.372,-0.049,0.000
13070,3.371,-0.049,0.000
13094,3.372,-0.049,0.000
13117,3.371,-0.049,0.000
13140,3.371,-0.049,0.000
13164,3.371,-0.049,0.000
13188,3.372,-0.049,0.000
13211,3.372,-0.049,0.000
13234,3.371,-0.073,0.000
13257,3.371,-0.049,0.000
13280,3.371,-0.073,0.000
13304,3.371,-0.073,0.000
13327,3.371,-0.049,0.000
13350,3.371,-0.049,0.000
13373,3.371,-0.049,0.000
13397,3.371,-0.049,0.000
13420,3.371,-0.049,0.000
13443,3.371,-0.049,0.000
13466,3.370,-0.049,0.000
13489,3.371,-0.049,0.000
13513,3.371,-0.073,0.000
13536,3.371,-0.049,0.000
13559,3.371,-0.049,0.000
13582,3.371,-0.073,0.000
13606,3.370,-0.049,0.000
13629,3.371,-0.049,0.000
13652,3.370,-0.049,0.000
13676,3.369,-0.073,0.000
13699,3.369,-0.049,0.000
13722,3.368,-0.049,0.000
13745,3.369,-0.073,0.000
13768,3.368,-0.049,0.000
13791,3.368,-0.049,0.000
13815,3.366,-0.049,0.000
13838,3.366,-0.049,0.000
13861,3.366,-0.073,0.000
13884,3.365,-0.073,0.000
13909,3.365,-0.073,0.000
13932,3.365,-0.073,0.000
13955,3.366,-0.073,0.000
13978,3.365,-0.049,0.000
14001,3.365,-0.049,0.000
14025,3.366,-0.073,0.000
14048,3.365,-0.049,0.000
14071,3.366,-0.049,0.000
14094,3.365,-0.049,0.000
14118,3.365,-0.073,0.000
14141,3.365,-0.049,0.000
14164,3.366,-0.049,0.000
14188,3.366,-0.049,0.000
14212,3.366,-0.049,0.000
14235,3.366,-0.049,0.000
14258,3.366,-0.049,0.000
14281,3.315,3.979,13.428
14304,3.306,10.132,32.959
14328,3.291,3.711,12.207
14351,3.257,8.423,27.466
14374,3.259,8.081,26.245
14397,3.259,8.081,26.245
14422,3.257,8.081,26.245
14445,3.259,8.081,26.245
14468,3.259,8.081,26.245
14491,3.260,8.081,26.245
14515,3.260,8.008,26.245
14539,3.259,7.983,26.245
14562,3.074,18.701,57.373
14585,3.094,22.876,62.256
14608,3.270,16.309,50.659
14632,3.110,20.825,64.697
14655,3.188,16.284,50.659
14678,3.148,19.653,60.425
14701,3.178,14.941,46.997
14724,3.264,6.958,23.193
14747,3.229,9.448,31.128
14770,3.227,9.448,30.518
14793,3.350,-0.049,0.000
14816,3.350,-0.049,0.000
14840,3.346,-0.049,0.000
14863,3.330,-0.049,0.000
14886,3.304,-0.049,0.000
14909,3.318,-0.049,0.000
14934,3.349,-0.049,0.000
14957,3.361,-0.049,0.000
14980,3.365,-0.049,0.000
15003,3.368,-0.073,0.000
15027,3.369,-0.073,0.000
15051,3.368,-0.049,0.000
15074,3.369,-0.049,0.000
15097,3.369,-0.049,0.000
15120,3.370,-0.049,0.000
15144,3.370,-0.049,0.000
15167,3.369,-0.073,0.000
15190,3.368,-0.049,0.000
15213,3.370,-0.049,0.000
15236,3.370,-0.073,0.000
15259,3.368,-0.049,0.000
15282,3.369,-0.024,0.000
15305,3.369,-0.049,0.000
15328,3.369,-0.073,0.000
15352,3.368,-0.024,0.000
15375,3.368,-0.073,0.000
15398,3.368,-0.049,0.000
15421,3.368,-0.073,0.000
15446,3.369,-0.073,0.000
15469,3.368,-0.049,0.000
15492,3.368,-0.049,0.000
15515,3.366,-0.049,0.000
15539,3.368,-0.049,0.000
15563,3.368,-0.073,0.000
15586,3.368,-0.049,0.000
15609,3.368,-0.049,0.000
15632,3.368,-0.049,0.000
15656,3.366,-0.049,0.000
15679,3.366,-0.049,0.000
15702,3.366,-0.049,0.000
15725,3.366,-0.049,0.000
15748,3.366,-0.073,0.000
15771,3.366,-0.049,0.000
15794,3.365,-0.049,0.000
15817,3.365,-0.073,0.000
15840,3.366,-0.049,0.000
15864,3.365,-0.049,0.000
15887,3.365,-0.073,0.000
15910,3.366,-0.049,0.000
15933,3.364,-0.049,0.000
15957,3.365,-0.049,0.000
15980,3.366,-0.049,0.000
16003,3.364,-0.049,0.000
16026,3.365,-0.049,0.000
16049,3.364,-0.049,0.000
16073,3.364,-0.049,0.000
16096,3.365,-0.049,0.000
16119,3.364,-0.049,0.000
16142,3.364,-0.073,0.000
16166,3.362,-0.049,0.000
16189,3.362,-0.073,0.000
16212,3.364,-0.073,0.000
16236,3.364,-0.073,0.000
16259,3.362,-0.073,0.000
16282,3.362,-0.073,0.000
16305,3.362,-0.049,0.000
16328,3.362,-0.049,0.000
16351,3.364,-0.049,0.000
16375,3.362,-0.049,0.000
16398,3.361,-0.073,0.000
16421,3.364,-0.049,0.000
16444,3.364,-0.049,0.000
16469,3.362,-0.024,0.000
16492,3.362,-0.073,0.000
16515,3.362,-0.073,0.000
16538,3.362,-0.049,0.000
16561,3.361,-0.073,0.000
16585,3.361,-0.024,0.000
16608,3.362,-0.049,0.000
16631,3.362,-0.073,0.000
16654,3.361,-0.049,0.000
16678,3.362,-0.049,0.000
16701,3.362,-0.073,0.000
16724,3.362,-0.049,0.000
16748,3.361,-0.073,0.000
16771,3.362,-0.049,0.000
16795,3.362,-0.049,0.000
16818,3.361,-0.049,0.000
16841,3.362,-0.049,0.000
16864,3.361,-0.049,0.000
16888,3.361,-0.073,0.000
16911,3.362,-0.049,0.000
16934,3.361,-0.049,0.000
16957,3.362,-0.049,0.000
16982,3.362,-0.049,0.000
17005,3.361,-0.073,0.000
17028,3.360,-0.049,0.000
17051,3.361,-0.049,0.000
17075,3.362,-0.049,0.000
17098,3.362,-0.049,0.000
17121,3.361,-0.049,0.000
17144,3.362,-0.049,0.000
17167,3.361,-0.049,0.000
17191,3.360,-0.073,0.000
17214,3.362,-0.049,0.000
17237,3.361,-0.049,0.000
17260,3.361,-0.073,0.000
17283,3.362,-0.073,0.000
17307,3.361,-0.073,0.000
17330,3.362,-0.049,0.000
17353,3.361,-0.049,0.000
17376,3.362,-0.024,0.000
17400,3.361,-0.049,0.000
17423,3.361,-0.073,0.000
17446,3.361,-0.049,0.000
17469,3.361,-0.073,0.000
17494,3.361,-0.049,0.000
17517,3.361,-0.024,0.000
17540,3.361,-0.049,0.000
17563,3.365,-0.049,0.000
17587,3.364,-0.024,0.000
17611,3.366,-0.049,0.000
17634,3.372,-0.073,0.000
17657,3.372,-0.049,0.000
17680,3.374,-0.073,0.000
17704,3.374,-0.049,0.000
17727,3.374,-0.049,0.000
17750,3.374,-0.024,0.000
17773,3.374,-0.073,0.000
17796,3.375,-0.049,0.000
17820,3.375,-0.073,0.000
17843,3.376,-0.049,0.000
17866,3.374,-0.073,0.000
17889,3.375,-0.049,0.000
17913,3.374,-0.049,0.000
17936,3.375,-0.073,0.000
17959,3.374,-0.073,0.000
17982,3.374,-0.049,0.000
18007,3.375,-0.073,0.000
18030,3.375,-0.049,0.000
18053,3.375,-0.049,0.000
18076,3.375,-0.049,0.000
18101,3.376,-0.073,0.000
18124,3.378,-0.049,0.000
18147,3.378,-0.049,0.000
18170,3.378,-0.049,0.000
18193,3.376,-0.049,0.000
18217,3.378,-0.073,0.000
18240,3.378,-0.049,0.000
18263,3.378,-0.049,0.000
18286,3.378,-0.073,0.000
18311,3.378,-0.049,0.000
18334,3.376,-0.049,0.000
18357,3.378,-0.049,0.000
18380,3.378,-0.049,0.000
18403,3.378,-0.049,0.000
18427,3.379,-0.073,0.000
18450,3.378,-0.049,0.000
18473,3.379,-0.049,0.000
18496,3.379,-0.049,0.000
18520,3.379,-0.073,0.000
18543,3.379,-0.049,0.000
18566,3.379,-0.049,0.000
18589,3.379,-0.049,0.000
18613,3.379,-0.049,0.000
18637,3.379,-0.049,0.000
18660,3.380,-0.073,0.000
18683,3.380,-0.049,0.000
18706,3.379,-0.049,0.000
18730,3.379,-0.073,0.000
18753,3.379,-0.049,0.000
18776,3.379,-0.049,0.000
18799,3.380,-0.024,0.000
18824,3.379,-0.049,0.000
18847,3.380,-0.049,0.000
18870,3.378,-0.049,0.000
18893,3.380,-0.049,0.000
18916,3.380,-0.049,0.000
18940,3.379,-0.049,0.000
18963,3.380,-0.049,0.000
18986,3.380,-0.049,0.000
19009,3.380,-0.049,0.000
19033,3.380,-0.049,0.000
19056,3.380,-0.049,0.000
19079,3.380,-0.049,0.000
19102,3.380,-0.049,0.000
19127,3.380,-0.049,0.000
19150,3.380,-0.073,0.000
19173,3.380,-0.073,0.000
19196,3.380,-0.049,0.000
19219,3.380,-0.073,0.000
19243,3.380,-0.049,0.000
19266,3.381,-0.073,0.000
19289,3.380,-0.049,0.000
19312,3.380,-0.049,0.000
19336,3.380,-0.049,0.000
19359,3.381,-0.049,0.000
19382,3.381,-0.049,0.000
19405,3.384,-0.049,0.000
19428,3.382,-0.073,0.000
19452,3.382,-0.073,0.000
19475,3.381,-0.049,0.000
19498,3.381,-0.073,0.000
19521,3.382,-0.049,0.000
19545,3.381,-0.049,0.000
19568,3.381,-0.073,0.000
19591,3.382,-0.049,0.000
19614,3.382,-0.049,0.000
19639,3.382,-0.049,0.000
19662,3.382,-0.049,0.000
19685,3.381,-0.049,0.000
19708,3.381,-0.049,0.000
19731,3.384,-0.073,0.000
19755,3.381,-0.073,0.000
19778,3.382,-0.049,0.000
19801,3.382,-0.049,0.000
19824,3.382,-0.049,0.000
19849,3.382,-0.049,0.000
19872,3.382,-0.049,0.000
19895,3.382,-0.049,0.000
19918,3.384,-0.049,0.000
19941,3.384,-0.073,0.000
19965,3.385,-0.073,0.000
19988,3.384,-0.049,0.000
20011,3.384,-0.049,0.000
20034,3.384,-0.049,0.000
20059,3.386,-0.049,0.000
20082,3.386,-0.073,0.000
20105,3.385,-0.073,0.000
20128,3.385,-0.049,0.000
20151,3.386,-0.049,0.000
20174,3.385,-0.049,0.000
20197,3.388,-0.049,0.000
20220,3.386,-0.073,0.000
20243,3.388,-0.049,0.000
20267,3.386,-0.049,0.000
20290,3.386,-0.049,0.000
20313,3.385,-0.049,0.000
20336,3.386,-0.049,0.000
20361,3.388,-0.049,0.000
20384,3.386,-0.049,0.000
20407,3.386,-0.024,0.000
20430,3.386,-0.024,0.000
20453,3.388,-0.049,0.000
20477,3.386,-0.073,0.000
20500,3.388,-0.049,0.000
20523,3.388,-0.049,0.000
20546,3.386,-0.024,0.000
20570,3.386,-0.049,0.000
20593,3.386,0.000,0.000
20616,3.385,0.098,0.000
20639,3.385,0.098,0.000
20663,3.227,26.270,78.735
20686,3.007,26.685,79.956
20709,2.999,27.246,81.787
20732,2.993,27.759,83.008
20755,2.997,24.512,75.073
20779,3.322,4.858,15.869
20802,2.996,27.637,83.008
20825,3.000,27.319,81.787
20848,3.006,27.197,81.787
20872,3.006,27.026,81.177
20895,3.004,27.441,82.397
20918,3.006,27.075,81.177
20941,3.000,27.368,82.397
20964,2.999,27.319,81.787
20988,3.000,27.417,82.397
21011,3.001,27.539,82.397
21034,2.997,27.393,82.397
21057,3.000,27.563,82.397
21081,2.999,27.417,82.397
21104,3.001,27.441,82.397
21127,3.000,27.417,82.397
21150,2.999,27.271,81.787
21175,3.003,27.417,82.397
21198,3.329,4.663,15.869
21221,3.304,2.002,6.714
21244,3.394,0.073,0.000
21267,3.392,0.049,0.000
21291,3.392,0.049,0.000
21314,3.391,0.049,0.000
21338,3.392,0.073,0.000
21361,3.392,0.049,0.000
21386,3.392,0.049,0.000
21409,3.392,0.049,0.000
21432,3.392,0.049,0.000
21455,3.392,0.049,0.000
21480,3.392,0.049,0.000
21503,3.392,0.049,0.000
21526,3.392,0.049,0.000
21549,3.392,0.049,0.000
21572,3.392,0.049,0.000
21597,3.394,0.073,0.000
21620,3.392,0.049,0.000
21643,3.394,0.049,0.000
21666,3.394,0.024,0.000
21691,3.392,0.024,0.000
21714,3.391,0.000,0.000
21737,3.391,0.000,0.000
21760,3.391,-0.024,0.000
21783,3.389,-0.024,0.000
21807,3.389,0.000,0.000
21830,3.390,-0.024,0.000
21853,3.396,-0.049,0.000
21876,3.394,-0.024,0.000
21900,3.379,-0.049,0.000
21923,3.378,-0.024,0.000
21946,3.379,-0.024,0.000
21969,3.379,-0.049,0.000
21994,3.379,-0.049,0.000
22017,3.379,-0.049,0.000
22040,3.380,-0.049,0.000
22063,3.394,-0.049,0.000
22086,3.402,0.000,0.000
22110,3.401,-0.049,0.000
22133,3.390,-0.049,0.000
22156,3.366,-0.024,0.000
22179,3.364,-0.049,0.000
22204,3.376,-0.024,0.000
22227,3.379,-0.049,0.000
22250,3.379,-0.024,0.000
22273,3.380,-0.024,0.000
22296,3.381,0.000,0.000
22320,3.380,-0.024,0.000
22343,3.379,-0.049,0.000
22366,3.378,-0.024,0.000
22389,3.375,-0.024,0.000
22413,3.371,0.000,0.000
22436,3.379,-0.024,0.000
22459,3.382,-0.024,0.000
22482,3.385,0.000,0.000
22506,3.386,-0.024,0.000
22529,3.388,0.000,0.000
22552,3.389,0.000,0.000
22575,3.388,0.000,0.000
22598,3.390,0.000,0.000
22622,3.391,0.000,0.000
22645,3.388,0.000,0.000
22668,3.378,0.024,0.000
22691,3.384,0.049,0.000
22714,3.405,0.024,0.000
22737,3.408,0.049,0.000
22760,3.399,0.049,0.000
22783,3.378,0.049,0.000
22806,3.330,0.049,0.000
22829,3.271,0.073,0.000
22852,3.269,0.098,0.000
22875,3.140,4.004,12.817
22898,2.658,26.782,70.801
22923,2.763,27.051,75.684
22946,2.875,26.196,75.073
22969,2.875,26.318,76.294
22992,2.880,26.392,75.684
23016,2.770,27.515,76.294
23039,2.854,28.540,81.177
23062,2.852,28.687,81.787
23085,2.869,28.052,80.566
23108,2.872,27.856,79.956
23132,2.882,27.661,79.956
23155,2.916,26.294,77.515
23178,2.871,27.881,79.956
23201,2.879,27.710,79.956
23224,3.279,4.736,15.259
23247,3.296,5.103,16.479
23270,3.354,0.073,0.000
23293,3.355,0.073,0.000
23316,3.358,0.073,0.000
23340,3.358,0.073,0.000
23363,3.360,0.073,0.000
23386,3.361,0.073,0.000
23409,3.360,0.073,0.000
23434,3.360,0.073,0.000
23457,3.358,0.073,0.000
23480,3.352,0.073,0.000
23503,3.350,0.049,0.000
23527,3.349,0.024,0.000
23550,3.349,0.024,0.000
23573,3.356,0.024,0.000
23596,3.358,0.024,0.000
23619,3.361,0.000,0.000
23643,3.362,0.000,0.000
23666,3.361,0.000,0.000
23689,3.362,0.024,0.000
23712,3.362,0.000,0.000
23735,3.362,-0.024,0.000
23758,3.361,-0.024,0.000
23781,3.362,-0.024,0.000
23804,3.362,-0.024,0.000
23827,3.361,-0.024,0.000
23851,3.362,-0.024,0.000
23874,3.361,-0.049,0.000
23897,3.361,-0.024,0.000
23920,3.360,-0.049,0.000
23945,3.360,-0.049,0.000
23968,3.360,-0.049,0.000
23991,3.359,-0.049,0.000
24014,3.360,-0.073,0.000
24037,3.359,-0.049,0.000
24061,3.358,-0.049,0.000
24084,3.356,-0.049,0.000
24107,3.355,-0.049,0.000
24130,3.329,-0.049,0.000
24155,3.293,-0.049,0.000
24178,3.355,-0.049,0.000
24201,3.310,-0.049,0.000
24224,3.376,-0.049,0.000
24247,3.275,-0.049,0.000
24270,3.275,-0.073,0.000
24293,3.276,-0.073,0.000
24316,3.284,-0.049,0.000
24339,3.360,-0.049,0.000
24363,3.235,-0.073,0.000
24386,3.342,-0.049,0.000
24409,3.398,-0.049,0.000
24432,3.349,-0.073,0.000
24457,3.382,-0.049,0.000
24480,3.408,-0.049,0.000
24503,3.378,-0.049,0.000
24526,3.392,-0.049,0.000
24549,3.391,-0.049,0.000
24573,3.376,-0.049,0.000
24596,3.330,-0.049,0.000
24619,3.414,-0.049,0.000
24642,3.370,-0.073,0.000
24666,3.374,-0.049,0.000
24689,3.334,-0.073,0.000
24712,3.251,-0.073,0.000
24735,3.168,-0.049,0.000
24759,3.315,-0.049,0.000
24782,3.283,-0.049,0.000
24805,3.112,-0.073,0.000
24828,3.310,-0.049,0.000
24851,3.307,-0.024,0.000
24875,3.027,-0.049,0.000
24898,3.172,-0.024,0.000
24921,3.151,-0.049,0.000
24944,3.186,-0.049,0.000
24967,3.200,-0.049,0.000
24990,3.265,-0.073,0.000
25013,3.330,-0.049,0.000
25036,3.335,-0.049,0.000
25059,3.330,-0.049,0.000
25083,3.342,-0.024,0.000
25106,3.254,-0.049,0.000
25129,3.231,-0.049,0.000
25152,3.295,-0.049,0.000
25176,3.199,-0.049,0.000
25199,3.241,-0.049,0.000
25222,3.164,-0.049,0.000
25245,3.160,-0.049,0.000
25269,3.017,-0.049,0.000
25292,3.141,-0.049,0.000
25315,3.189,-0.049,0.000
25338,3.084,-0.049,0.000
25361,3.039,-0.049,0.000
25385,3.144,-0.024,0.000
25408,3.175,-0.049,0.000
25431,3.193,-0.049,0.000
25454,3.203,-0.049,0.000
25479,3.206,-0.049,0.000
25502,3.213,-0.049,0.000
25525,3.215,-0.049,0.000
25548,3.215,-0.049,0.000
25571,3.209,-0.049,0.000
25595,3.213,-0.024,0.000
25618,3.199,-0.049,0.000
25641,3.121,-0.049,0.000
25664,3.072,-0.049,0.000
25688,3.081,-0.073,0.000
25711,3.140,-0.049,0.000
25734,3.179,-0.049,0.000
25757,3.220,-0.049,0.000
25781,3.235,-0.049,0.000
25804,3.244,-0.049,0.000
25827,3.246,-0.073,0.000
25850,3.245,-0.049,0.000
25873,3.237,-0.049,0.000
25897,3.231,-0.024,0.000
25920,3.234,-0.049,0.000
25943,3.230,-0.049,0.000
25966,3.230,-0.049,0.000
25989,3.230,-0.049,0.000
26012,3.231,-0.024,0.000
26035,3.234,-0.073,0.000
26058,3.235,-0.049,0.000
26081,3.235,-0.024,0.000
26105,3.236,-0.024,0.000
26128,3.237,-0.024,0.000
26151,3.236,-0.049,0.000
26174,3.233,-0.049,0.000
26199,3.235,-0.049,0.000
26222,3.235,-0.049,0.000
26245,3.234,-0.049,0.000
26268,3.231,-0.049,0.000
26292,3.234,-0.049,0.000
26315,3.241,-0.049,0.000
26338,3.243,-0.049,0.000
26361,3.243,-0.049,0.000
26384,3.244,-0.049,0.000
26408,3.246,-0.049,0.000
26431,3.246,-0.049,0.000
26454,3.246,-0.049,0.000
26477,3.245,-0.049,0.000
26500,3.244,-0.049,0.000
26523,3.246,-0.024,0.000
26546,3.247,-0.049,0.000
26569,3.249,-0.049,0.000
26592,3.246,-0.049,0.000
26616,3.249,-0.049,0.000
26639,3.247,-0.073,0.000
26662,3.249,-0.049,0.000
26685,3.246,-0.024,0.000
26710,3.249,0.000,0.000
26733,3.247,-0.024,0.000
26756,3.247,0.000,0.000
26779,3.249,0.073,0.000
26803,3.246,0.098,0.000
26827,3.247,0.122,0.000
26850,3.247,0.122,0.610
26873,3.230,0.537,1.831
26896,2.809,26.562,74.463
26920,2.811,26.538,73.853
26943,2.820,26.172,73.853
26966,2.794,27.539,76.904
26989,2.820,26.294,73.853
27012,2.832,25.488,72.021
27035,2.815,26.538,75.073
27058,2.818,26.465,75.073
27081,2.826,26.123,73.853
27104,2.838,25.610,72.021
27128,2.838,25.391,72.021
27151,2.828,25.928,73.242
27174,2.812,26.489,74.463
27197,2.812,26.587,75.073
27220,2.831,26.855,76.294
27243,2.826,26.831,76.294
27266,2.820,27.441,77.515
27289,2.818,27.295,77.515
27312,2.815,27.417,77.515
27336,2.811,27.441,77.515
27359,2.806,27.466,76.904
27382,2.805,27.881,78.125
27405,2.794,28.174,78.735
27428,2.820,27.051,76.294
27451,2.819,27.222,76.904
27474,2.819,27.148,76.294
27497,2.820,27.002,76.294
27521,2.814,27.197,76.904
27544,2.818,27.002,76.294
27567,2.814,27.295,76.904
27590,2.818,26.978,76.294
27613,2.810,27.246,76.904
27637,2.810,27.271,76.904
27660,2.796,27.856,78.125
27683,2.791,28.198,78.735
27706,2.784,28.369,78.125
27729,2.783,28.613,79.346
27752,2.771,28.784,79.956
27775,2.754,29.028,79.956
27798,2.774,29.077,81.177
27821,2.776,29.102,79.956
27846,2.769,29.150,81.177
27869,2.757,29.248,80.566
27892,2.750,29.224,79.956
27915,2.740,29.297,79.956
27940,2.676,29.370,77.515
27963,2.780,29.321,81.787
27986,2.725,29.517,80.566
28009,2.848,29.663,85.449
28033,2.879,29.712,85.449
28056,2.878,29.688,84.839
28079,2.879,29.614,84.839
28102,2.879,29.590,84.839
28125,2.880,29.834,86.060
28149,2.874,29.810,86.060
28172,2.854,29.663,84.839
28195,2.900,30.200,87.891
28218,2.909,30.249,87.891
28241,2.890,30.151,87.280
28264,2.910,30.347,88.501
28287,2.874,30.029,86.060
28310,2.840,29.663,84.229
28333,2.884,30.151,87.280
28357,2.890,30.322,87.280
28380,2.655,30.420,84.229
28403,2.906,30.396,88.501
28426,2.954,30.640,90.332
28449,2.796,30.566,85.449
28472,2.966,30.835,91.553
28495,2.909,30.762,89.722
28518,2.961,30.786,90.942
28541,2.965,30.933,92.163
28565,2.966,31.055,92.163
28588,2.966,31.128,92.163
28611,2.970,31.177,92.773
28634,2.970,31.177,92.773
28658,2.970,31.152,92.163
28681,2.970,31.128,92.163
28704,2.966,31.128,92.163
28727,2.963,31.128,92.163
28752,2.966,31.177,92.163
28775,2.954,31.079,91.553
28798,2.707,30.908,83.618
28821,2.835,31.006,87.891
28844,2.801,31.104,87.280
28868,2.680,31.250,78.735
28891,2.599,31.274,81.177
28914,2.905,31.348,90.942
28937,2.849,31.274,89.111
28961,2.784,31.372,87.280
28984,2.754,31.396,86.670
29007,2.744,31.445,86.060
29030,2.896,31.299,90.332
29053,2.906,31.372,91.553
29077,2.900,31.421,91.553
29100,2.886,31.348,89.722
29123,2.900,31.348,90.942
29146,2.938,31.299,92.163
29170,2.895,31.177,89.722
29193,2.934,31.226,91.553
29216,2.910,31.250,90.942
29239,2.908,31.201,90.942
29264,2.901,31.201,90.332
29287,2.894,31.250,90.942
29310,2.852,31.226,89.111
29333,2.967,31.323,92.773
29356,2.846,31.250,89.111
29379,2.921,31.152,90.942
29402,2.895,31.006,89.722
29425,2.855,31.030,89.111
29448,2.830,30.933,83.008
29473,2.936,30.786,90.332
29496,2.951,30.713,90.332
29519,2.814,30.420,83.618
29542,2.859,30.103,86.060
29565,2.884,29.907,86.060
29589,2.846,29.541,84.229
29612,2.909,30.054,87.280
29635,2.753,29.517,81.177
29658,2.821,29.712,82.397
29683,2.874,29.810,85.449
29706,2.966,30.542,90.332
29729,2.993,30.884,92.163
29753,2.930,30.835,90.332
29776,2.951,31.104,92.163
29799,2.961,31.055,92.163
29822,2.944,31.152,91.553
29845,2.969,31.128,92.163
29868,2.841,31.055,87.891
29892,2.996,30.957,90.942
29915,2.569,30.225,77.515
29938,2.590,29.688,76.904
29961,3.149,4.565,35.400
29986,3.330,2.197,7.324
30009,2.684,29.272,78.735
30032,2.599,29.346,76.294
30055,2.806,29.810,78.735
30078,2.601,29.956,78.125
30102,2.779,30.005,83.618
30125,2.769,29.932,82.397
30148,2.715,29.736,80.566
30171,2.861,28.979,83.008
30195,2.688,28.809,74.463
30218,3.072,4.614,15.259
30241,2.838,5.005,12.817
30265,3.189,-0.049,0.000
30288,3.279,-0.049,0.000
30311,3.156,-0.024,0.000
30334,3.165,-0.049,0.000
30357,3.116,-0.024,0.000
30380,3.281,-0.049,0.000
30403,3.079,-0.049,0.000
30426,3.125,-0.049,0.000
30449,2.882,-0.049,0.000
30472,3.241,-0.024,0.000
30497,3.236,-0.073,0.000
30520,3.237,-0.024,0.000
30543,3.243,-0.073,0.000
30566,3.240,-0.049,0.000
30589,3.236,-0.049,0.000
30613,3.225,-0.049,0.000
30636,3.219,-0.024,0.000
30659,3.172,-0.024,0.000
30682,2.819,-0.049,0.000
30706,2.846,-0.049,0.000
30729,3.257,-0.024,0.000
30752,3.226,-0.049,0.000
30775,3.185,-0.049,0.000
30800,3.301,-0.049,0.000
30823,3.338,-0.073,0.000
30846,3.325,-0.049,0.000
30869,3.396,-0.049,0.000
30892,3.360,-0.073,0.000
30916,3.261,-0.049,0.000
30939,3.276,-0.073,0.000
30962,3.111,-0.049,0.000
30985,3.156,-0.049,0.000
31010,3.286,-0.049,0.000
31033,3.351,-0.049,0.000
31056,3.352,-0.073,0.000
31079,3.346,-0.049,0.000
31102,3.214,-0.049,0.000
31126,3.071,-0.049,0.000
31149,3.364,-0.073,0.000
31172,3.374,-0.073,0.000
31195,3.404,-0.049,0.000
31219,3.184,-0.049,0.000
31242,3.369,-0.049,0.000
31265,3.331,-0.049,0.000
31289,3.175,-0.049,0.000
31312,3.243,-0.073,0.000
31335,3.064,-0.049,0.000
31358,3.253,-0.049,0.000
31381,3.346,-0.049,0.000
31404,3.341,-0.049,0.000
31430,3.346,-0.049,0.000
31453,3.341,-0.049,0.000
31476,3.368,-0.073,0.000
31499,3.402,-0.049,0.000
31524,3.404,-0.049,0.000
31547,3.350,-0.049,0.000
31570,3.355,-0.049,0.000
31593,3.358,-0.073,0.000
31617,3.366,-0.049,0.000
31641,3.360,-0.024,0.000
31664,3.364,-0.049,0.000
31687,3.362,-0.049,0.000
31710,3.366,-0.073,0.000
31735,3.366,-0.049,0.000
31758,3.366,-0.073,0.000
31781,3.369,-0.049,0.000
31804,3.369,-0.049,0.000
31829,3.370,-0.049,0.000
31852,3.371,-0.073,0.000
31875,3.374,-0.049,0.000
31898,3.374,-0.049,0.000
31921,3.376,-0.049,0.000
31945,3.375,-0.049,0.000
31968,3.375,-0.073,0.000
31991,3.376,-0.049,0.000
32014,3.376,-0.073,0.000
32038,3.376,-0.049,0.000
32061,3.378,-0.049,0.000
32084,3.379,-0.049,0.000
32108,3.379,-0.049,0.000
32131,3.379,-0.049,0.000
32154,3.379,-0.049,0.000
32177,3.380,-0.049,0.000
32200,3.379,-0.049,0.000
32223,3.380,-0.049,0.000
32247,3.379,-0.049,0.000
32270,3.380,-0.049,0.000
32293,3.380,-0.024,0.000
32316,3.380,-0.049,0.000
32341,3.380,-0.073,0.000
32364,3.381,-0.049,0.000
32387,3.380,-0.049,0.000
32410,3.380,-0.073,0.000
32433,3.380,-0.073,0.000
32457,3.381,-0.073,0.000
32480,3.381,-0.073,0.000
32503,3.382,-0.049,0.000
32526,3.384,-0.073,0.000
32550,3.384,-0.024,0.000
32573,3.382,0.073,0.000
32596,3.381,0.073,0.610
32620,3.379,0.122,0.000
32643,2.875,25.537,73.853
32666,2.878,25.464,73.242
32689,2.888,25.659,74.463
32712,2.885,26.196,75.684
32735,2.885,26.343,76.294
32759,2.880,26.709,76.904
32782,2.880,26.660,76.904
32805,2.876,26.685,76.904
32828,3.311,4.272,14.038
32853,2.925,24.512,71.411
32876,3.112,18.506,56.152
32899,3.306,4.492,15.259
32922,3.301,4.492,15.259
32945,3.310,3.906,12.817
32968,3.322,4.248,14.038
32991,3.304,4.736,15.869
33014,3.307,4.492,15.259
33037,3.303,4.272,14.038
33061,2.950,23.267,68.970
33084,2.936,23.877,70.190
33107,2.931,24.268,70.801
33130,2.905,25.220,73.242
33155,2.908,24.878,72.632
33178,2.900,25.171,73.242
33201,2.912,24.683,72.021
33224,2.901,24.976,72.632
33247,2.896,25.195,73.853
33270,2.902,25.146,73.242
33293,2.884,25.830,74.463
33316,2.901,25.073,73.242
33339,2.882,25.928,75.073
33364,2.878,26.196,75.073
33387,2.874,26.294,76.294
33410,2.875,26.294,76.294
33433,2.881,26.123,75.073
33456,2.879,26.245,76.294
33480,2.878,26.270,76.294
33503,2.879,26.245,76.294
33526,2.879,26.196,75.073
33549,2.884,25.928,75.073
33573,2.874,26.392,76.294
33596,2.872,26.196,75.073
33619,2.869,26.245,75.073
33642,2.870,25.610,73.853
33666,2.880,25.708,73.853
33689,2.874,26.001,75.073
33712,2.840,26.758,76.294
33735,2.848,26.978,76.904
33758,2.861,27.368,78.125
33781,2.865,27.319,78.125
33804,2.856,27.246,78.125
33827,2.851,27.124,76.904
33850,2.861,26.904,76.904
33873,2.866,26.611,76.294
33896,2.862,26.587,76.294
33919,2.874,26.758,76.904
33942,2.865,26.978,76.904
33965,2.871,26.953,77.515
33989,2.879,26.831,77.515
34012,2.876,26.660,76.904
34035,2.865,26.562,76.294
34058,2.874,26.318,76.294
34083,2.797,26.392,75.073
34106,2.803,26.294,73.853
34129,2.812,26.294,73.853
34152,2.868,26.416,76.294
34176,2.860,26.440,76.294
34199,2.659,26.416,70.801
34222,2.866,26.587,76.904
34245,2.868,26.440,76.294
34268,2.859,26.978,77.515
34292,2.848,27.490,78.125
34315,2.869,27.222,78.125
34338,2.855,27.490,78.125
34361,2.856,27.100,77.515
34384,2.856,27.075,77.515
34407,2.859,27.173,78.125
34430,2.855,27.026,78.125
34453,2.861,26.978,77.515
34476,2.860,27.124,78.125
34500,2.861,26.978,76.904
34523,2.870,27.100,77.515
34546,2.872,26.807,77.515
34569,2.872,26.782,76.904
34594,2.878,26.685,77.515
34617,2.879,26.562,76.904
34640,2.875,26.709,76.904
34663,2.876,26.709,76.904
34686,2.871,27.173,78.735
34710,2.875,27.148,78.125
34733,2.878,27.002,76.904
34756,2.870,26.758,76.904
34779,2.886,26.245,75.684
34803,2.884,26.514,76.904
34826,2.882,26.514,76.904
34849,2.880,26.587,76.904
34872,2.875,26.587,76.294
34896,2.884,26.465,76.294
34919,2.882,26.514,76.294
34942,2.888,26.147,75.684
34965,2.872,26.611,76.904
34988,2.868,27.124,77.515
35012,2.870,27.026,77.515
35035,2.871,27.222,78.735
35058,2.866,27.124,78.125
35081,2.870,27.075,77.515
35106,2.841,28.271,79.956
35129,3.267,6.494,20.752
35152,3.372,-0.049,0.000
35175,3.374,-0.049,0.000
35198,3.374,-0.049,0.000
35222,3.374,-0.049,0.000
35245,3.374,-0.049,0.000
35268,3.374,-0.073,0.000
35291,3.374,-0.049,0.000
35315,3.374,-0.024,0.000
35338,3.374,-0.049,0.000
35361,3.374,-0.049,0.000
35385,3.374,-0.049,0.000
35408,3.372,-0.049,0.000
35432,3.374,-0.049,0.000
35455,3.372,-0.049,0.000
35478,3.372,-0.049,0.000
35501,3.372,-0.049,0.000
35525,3.372,-0.024,0.000
35548,3.372,-0.049,0.000
35571,3.372,-0.049,0.000
35594,3.372,-0.049,0.000
35619,3.372,-0.024,0.000
35642,3.372,-0.049,0.000
35665,3.372,-0.049,0.000
35688,3.371,-0.049,0.000
35712,3.371,-0.049,0.000
35735,3.371,-0.049,0.000
35758,3.371,-0.049,0.000
35781,3.370,-0.049,0.000
35804,3.370,-0.049,0.000
35828,3.369,-0.024,0.000
35851,3.369,-0.049,0.000
35874,3.370,-0.049,0.000
35897,3.369,-0.049,0.000
35920,3.370,-0.049,0.000
35944,3.369,-0.049,0.000
35967,3.369,-0.024,0.000
35990,3.370,-0.024,0.000
36013,3.370,-0.049,0.000
36037,3.370,-0.049,0.000
36060,3.369,-0.049,0.000
36083,3.369,-0.024,0.000
36106,3.369,-0.024,0.000
36131,3.369,-0.049,0.000
36154,3.368,-0.024,0.000
36177,3.368,-0.049,0.000
36200,3.369,-0.049,0.000
36224,3.369,-0.049,0.000
36247,3.368,-0.049,0.000
36270,3.368,-0.024,0.000
36293,3.369,-0.049,0.000
36316,3.368,-0.049,0.000
36340,3.368,-0.049,0.000
36363,3.369,-0.024,0.000
36386,3.316,2.466,7.935
36409,3.209,4.102,13.428
36432,3.281,4.785,15.869
36455,3.293,5.103,17.090
36478,3.290,4.614,15.259
36501,3.299,4.175,13.428
36524,3.280,7.544,24.414
36548,3.286,5.078,17.090
36571,3.296,5.103,15.259
36594,2.890,25.195,73.242
36617,2.912,24.976,73.242
36642,2.920,24.390,70.801
36665,2.950,23.267,68.970
36688,2.955,22.900,67.749
36711,2.955,22.949,67.749
36734,2.953,23.096,67.749
36758,2.950,23.413,68.970
36781,2.947,23.584,69.580
36804,2.945,23.682,69.580
36827,2.943,23.755,70.190
36851,2.949,23.486,68.970
36874,2.947,23.438,68.970
36897,2.941,23.755,70.190
36921,2.944,23.682,70.190
36944,2.943,23.657,70.190
36967,2.928,24.634,71.411
36990,2.915,24.951,73.242
37013,2.889,26.147,75.684
37036,2.885,26.367,76.294
37060,2.881,26.660,76.904
37083,2.884,26.611,76.904
37106,2.881,26.660,76.904
37129,2.882,26.685,76.904
37152,2.882,26.660,76.904
37175,2.865,27.344,78.125
37198,2.860,27.588,78.735
37221,2.856,27.832,79.346
37244,2.844,28.418,81.177
37268,2.841,28.467,81.177
37291,2.840,28.516,81.177
37314,2.844,28.442,80.566
37337,2.841,28.564,81.177
37361,2.851,28.174,80.566
37384,2.855,27.783,78.735
37407,2.864,27.319,78.125
37430,2.870,26.953,76.904
37454,2.871,26.978,77.515
37477,2.868,27.124,77.515
37500,2.882,26.489,76.294
37523,2.880,26.587,76.904
37546,2.876,26.562,76.904
37570,2.880,26.489,76.294
37593,2.880,26.514,76.294
37616,2.879,26.392,76.294
37639,2.880,26.294,76.294
37662,2.885,26.270,75.684
37685,2.886,26.245,75.684
37708,2.888,26.245,75.684
37731,2.886,26.196,75.684
37754,2.891,26.367,75.684
37778,2.892,26.221,75.684
37801,2.864,27.271,78.125
37824,3.291,4.810,15.869
37847,3.366,-0.049,0.000
37871,3.368,-0.049,0.000
37894,3.368,-0.049,0.000
37917,3.369,-0.024,0.000
37940,3.369,-0.049,0.000
37963,3.369,-0.049,0.000
37987,3.369,-0.049,0.000
38010,3.369,-0.049,0.000
38033,3.369,-0.024,0.000
38056,3.368,-0.049,0.000
38080,3.369,-0.049,0.000
38103,3.109,16.431,49.438
38126,3.261,6.519,20.752
38149,3.286,9.058,15.259
38173,2.890,26.294,76.294
38196,2.871,27.148,78.125
38219,2.848,28.198,80.566
38242,3.289,4.688,28.687
38265,3.306,3.735,12.207
38289,3.184,11.035,34.180
38312,3.237,8.008,26.245
38335,3.237,8.008,26.245
38358,3.237,8.032,26.245
38383,3.239,8.032,26.245
38406,3.236,8.032,26.245
38429,3.237,8.008,26.245
38452,3.237,8.032,26.245
38475,3.236,8.032,26.245
38499,2.938,22.241,65.308
38522,3.104,12.695,39.062
38545,2.894,26.294,75.684
38568,2.922,25.073,73.242
38592,2.904,25.732,75.073
38615,2.902,25.928,75.073
38638,2.906,26.025,76.294
38661,2.881,27.197,78.125
38685,2.871,27.466,78.735
38709,2.854,28.320,81.177
38732,2.862,28.027,79.956
38755,2.844,28.882,82.397
38778,2.851,28.857,81.787
38802,2.864,28.149,81.177
38825,2.845,28.955,82.397
38848,2.839,29.321,83.618
38871,2.839,29.370,83.618
38896,2.841,29.614,84.229
38919,2.845,29.639,83.008
38942,2.842,29.712,84.229
38965,2.839,29.541,84.229
38989,2.839,29.712,84.229
39012,2.841,29.858,84.229
39035,2.841,30.103,85.449
39058,2.830,30.176,85.449
39081,2.831,30.298,86.060
39105,2.828,30.688,87.280
39128,2.829,30.884,87.280
39151,2.821,31.201,87.891
39174,2.815,31.445,87.891
39197,2.821,30.908,87.280
39220,2.810,31.006,87.280
39243,2.785,31.763,88.501
39266,2.846,31.104,88.501
39289,2.829,29.736,84.229
39313,2.784,29.321,81.787
39336,2.777,28.394,78.735
39359,2.796,29.736,84.839
39382,2.697,30.127,81.177
39406,2.671,29.688,79.346
39429,2.760,29.541,81.787
39452,2.658,29.272,76.904
39475,2.710,28.418,76.904
39498,2.901,27.979,81.177
39522,2.599,28.052,75.684
39545,2.531,28.418,72.021
39568,2.486,28.247,70.190
39592,2.862,28.320,81.177
39616,2.865,28.687,81.787
39639,2.870,28.833,83.008
39662,2.868,28.784,83.008
39685,2.795,28.979,81.177
39709,2.859,29.199,83.618
39733,2.879,29.639,84.839
39756,2.875,29.614,84.839
39779,2.861,29.541,84.229
39802,2.879,29.590,84.839
39826,2.865,29.614,84.839
39849,2.888,29.761,86.060
39872,2.884,29.810,86.060
39895,2.876,29.834,86.060
39920,2.880,29.907,86.060
39943,2.861,29.956,86.060
39966,2.862,29.956,85.449
39989,2.831,30.029,84.839
40013,2.849,30.054,86.060
40036,2.856,30.176,86.670
40059,2.855,30.298,87.280
40082,2.832,30.322,86.060
40105,2.852,30.347,87.280
40129,2.845,30.469,86.670
40152,2.858,30.493,87.280
40175,2.899,30.029,87.280
40198,2.791,28.760,79.956
40221,2.523,28.467,78.735
40244,2.767,28.760,79.346
40267,2.832,29.224,82.397
40290,2.841,29.077,82.397
40313,2.876,29.102,83.618
40337,2.861,29.224,84.229
40360,2.881,29.248,84.229
40383,2.896,29.370,84.839
40406,2.891,29.395,84.839
40430,2.746,29.468,81.177
40453,2.749,29.468,81.177
40476,2.860,29.248,84.229
40499,2.871,29.248,84.229
40522,2.824,29.370,83.008
40546,2.800,29.443,84.229
40569,2.865,29.590,81.177
40592,2.701,29.517,79.956
40615,2.731,29.346,79.956
40639,2.898,29.346,85.449
40662,2.779,29.565,81.787
40685,2.618,29.639,77.515
40708,2.889,29.688,80.566
40733,2.816,29.321,82.397
40756,2.848,29.834,84.839
40779,2.850,30.005,85.449
40802,2.681,30.054,81.177
40825,2.856,29.932,86.060
40849,2.909,29.932,87.280
40872,2.886,29.688,85.449
40895,2.745,29.834,81.787
40918,2.892,29.761,86.060
40943,2.628,29.541,77.515
40966,2.596,29.565,76.904
40989,2.336,29.590,69.580
41012,2.791,29.541,82.397
41035,2.776,29.443,81.177
41059,2.845,29.492,84.229
41082,2.832,29.565,83.618
41105,2.911,29.346,84.839
41128,2.904,29.053,84.229
41152,2.901,28.833,84.229
41175,2.908,28.564,83.008
41198,2.842,28.442,79.956
41221,2.754,28.491,78.125
41245,2.825,28.540,79.346
41268,2.707,28.564,78.735
41291,2.841,28.613,81.177
41314,2.733,28.613,78.125
41337,2.754,28.540,78.735
41361,2.814,28.320,79.956
41384,2.841,28.149,79.956
41407,2.826,27.759,78.735
41430,2.649,26.880,75.073
41455,2.819,26.758,75.684
41478,2.664,26.733,71.411
41501,2.760,26.587,72.021
41524,2.705,26.611,72.632
41547,2.634,26.562,70.190
41571,2.729,26.489,72.021
41594,2.790,26.221,73.242
41617,2.811,23.926,67.139
41640,2.776,25.220,70.190
41664,2.781,25.537,70.190
41687,2.715,26.465,72.021
41710,2.553,26.221,67.139
41733,2.660,26.172,70.190
41757,2.690,26.221,70.801
41780,2.589,26.392,68.359
41803,2.674,26.416,70.801
41826,2.694,26.343,72.632
41849,2.685,26.245,70.190
41873,2.691,26.221,70.190
41896,2.861,26.196,73.853
41919,2.797,26.367,68.359
41942,2.720,26.465,72.021
41966,2.881,26.392,76.294
41989,2.654,26.294,76.294
42012,2.841,26.660,75.684
42035,2.866,26.880,76.904
42058,2.850,27.930,79.346
42082,2.859,28.711,81.787
42105,2.865,28.882,83.008
42128,2.858,28.955,83.008
42151,2.814,29.053,79.956
42176,2.831,29.150,82.397
42199,2.820,29.150,81.787
42222,2.836,29.248,83.618
42245,2.779,29.175,81.177
42269,2.807,29.199,81.787
42292,2.815,29.272,82.397
42315,2.832,29.175,83.008
42338,2.849,29.248,83.008
42361,2.861,29.053,83.008
42385,2.854,29.102,83.008
42408,2.761,28.760,79.346
42431,2.684,28.564,76.904
42454,2.828,28.516,79.956
42478,2.815,28.589,80.566
42501,2.785,28.491,79.346
42524,2.818,28.711,81.177
42547,2.825,28.760,81.177
42570,2.774,28.906,79.956
42594,2.734,28.955,78.735
42617,2.734,28.979,78.735
42640,2.760,29.102,81.787
42663,2.814,29.175,81.787
42687,2.832,29.102,82.397
42710,2.786,29.004,81.177
42733,2.851,29.395,84.229
42756,2.854,29.419,84.229
42781,2.859,29.395,84.229
42804,2.812,29.370,83.008
42827,2.757,29.272,80.566
42850,2.546,29.077,73.853
42873,2.806,29.102,78.125
42897,2.819,29.175,82.397
42920,2.709,29.077,78.735
42943,2.885,28.979,82.397
42966,2.914,28.857,84.229
42991,2.910,28.662,83.618
43014,2.915,28.516,83.008
43037,2.838,28.760,81.177
43060,2.912,28.589,83.618
43083,2.915,28.271,81.787
43107,2.922,28.052,82.397
43130,2.646,28.125,74.463
43153,2.654,28.784,76.294
43176,3.253,4.541,33.569
43200,3.368,-0.049,0.000
43223,3.408,-0.073,0.000
43246,3.303,-0.073,0.000
43269,3.237,-0.049,0.000
43293,3.296,-0.073,0.000
43316,2.963,-0.049,0.000
43339,3.005,-0.049,0.000
43362,3.311,-0.024,0.000
43385,3.293,-0.024,0.000
43409,2.781,27.100,73.853
43432,2.619,27.832,72.632
43455,2.850,28.003,79.956
43478,2.705,27.759,74.463
43502,2.796,27.051,70.801
43525,2.519,27.173,68.359
43548,3.303,4.565,15.259
43571,2.596,25.879,67.139
43594,2.829,26.074,73.853
43618,2.938,26.294,77.515
43641,2.936,26.514,78.125
43664,2.939,26.489,77.515
43687,2.713,26.440,72.021
43711,2.642,26.489,70.190
43734,2.864,26.685,76.294
43757,2.678,26.733,71.411
43780,2.790,27.026,75.684
43805,2.864,27.124,77.515
43828,2.796,26.807,75.073
43851,2.836,27.124,77.515
43874,2.908,27.588,80.566
43897,2.872,27.759,80.566
43921,2.932,27.979,81.787
43944,2.918,27.954,81.787
43967,2.924,27.930,81.787
43990,2.929,28.101,81.787
44014,2.928,28.027,81.787
44037,2.936,28.198,83.008
44060,2.929,28.149,82.397
44083,2.926,28.223,83.008
44106,2.910,28.125,81.787
44130,2.854,28.320,79.956
44153,2.720,28.394,76.904
44176,2.711,28.271,76.904
44199,2.848,28.320,80.566
44224,2.766,28.345,78.125
44247,2.628,28.369,74.463
44270,2.779,28.418,78.735
44293,2.774,28.516,78.735
44317,2.685,28.491,76.294
44341,2.588,28.442,73.853
44364,2.545,28.540,68.359
44387,2.919,28.760,83.618
44410,2.878,29.834,86.060
44434,2.870,29.980,82.397
44457,2.899,30.103,87.280
44480,2.959,30.396,90.332
44503,2.954,30.298,89.722
44528,2.931,30.225,88.501
44551,2.784,28.857,80.566
44574,2.474,29.565,70.190
44597,2.739,29.102,79.956
44621,2.263,29.004,65.918
44644,2.141,29.053,61.646
44667,2.556,28.931,75.073
44690,2.515,28.931,72.632
44713,2.648,28.931,76.294
44737,2.539,30.493,81.787
44760,2.872,4.199,12.207
44783,3.148,3.809,12.207
44806,3.224,5.103,16.479
44829,2.805,4.541,25.024
44852,2.744,26.904,72.632
44875,2.661,27.368,73.242
44898,2.656,27.124,72.021
44921,2.600,27.563,71.411
44945,2.521,27.515,68.970
44968,2.549,28.101,71.411
44991,2.525,28.052,70.801
45014,2.816,27.661,78.125
45038,2.446,29.102,71.411
45061,2.520,30.713,77.515
45084,2.524,31.372,78.735
45107,2.775,32.861,90.942
45130,2.729,32.178,87.891
45154,2.745,33.545,92.163
45177,2.693,29.102,80.566
45200,2.694,32.031,86.670
45223,2.966,4.614,14.038
45247,3.169,6.494,9.766
45270,3.339,-0.049,0.000
45293,3.091,-0.049,0.000
45316,2.959,-0.049,0.000
45341,3.434,-0.024,0.000
45364,3.332,-0.049,0.000
45387,3.204,-0.024,0.000
45410,3.249,-0.049,0.000
45433,3.033,-0.049,0.000
45457,3.056,-0.049,0.000
45480,3.193,-0.049,0.000
45503,2.854,-0.049,0.000
45526,3.081,-0.049,0.000
45551,3.017,-0.049,0.000
45574,2.902,-0.049,0.000
45597,2.885,-0.049,0.000
45620,3.241,-0.024,0.000
45643,3.150,-0.049,0.000
45667,3.031,-0.049,0.000
45690,3.071,-0.024,0.000
45713,3.010,-0.024,0.000
45736,3.001,-0.049,0.000
45760,2.974,-0.049,0.000
45783,3.233,-0.049,0.000
45806,3.243,-0.049,0.000
45829,3.227,-0.024,0.000
45853,3.206,-0.024,0.000
45876,3.193,-0.049,0.000
45899,3.186,-0.024,0.000
45922,3.150,-0.049,0.000
45945,3.166,-0.049,0.000
45969,3.141,-0.049,0.000
45992,3.344,-0.049,0.000
46015,3.379,-0.049,0.000
46038,3.388,-0.049,0.000
46063,3.392,-0.024,0.000
46086,3.389,-0.024,0.000
46109,3.372,-0.049,0.000
46132,3.339,0.049,0.000
46155,3.350,0.122,0.000
46179,3.132,4.443,21.362
46202,3.196,5.054,15.869
46225,3.055,5.029,15.259
46248,2.990,4.053,12.207
46272,3.081,4.102,12.817
46295,3.056,4.980,15.259
46318,3.074,4.956,15.259
46341,3.071,4.346,15.259
46365,2.994,4.053,12.207
46388,3.092,8.960,27.466
46411,2.680,23.047,62.256
46434,2.706,23.120,62.866
46457,2.769,23.120,64.087
46481,2.786,22.852,64.087
46504,2.770,23.560,64.697
46527,2.785,24.121,67.139
46550,2.755,25.879,71.411
46573,2.757,25.122,69.580
46596,2.694,25.342,68.359
46619,2.636,24.072,68.359
46642,2.803,22.681,63.477
46665,2.797,23.584,65.918
46689,2.902,23.242,66.528
46712,2.884,22.974,66.528
46735,2.889,23.291,67.139
46758,2.866,23.657,67.749
46782,2.875,24.268,67.139
46805,2.884,22.778,65.918
46828,2.911,22.876,66.528
46851,2.876,23.682,65.308
46875,2.767,24.756,68.359
46898,2.914,25.464,73.853
46921,2.930,25.952,76.294
46944,2.888,26.196,75.684
46967,2.935,25.928,76.294
46991,2.875,25.537,73.853
47014,2.836,25.195,71.411
47037,2.671,25.317,70.801
47060,2.831,25.342,72.021
47085,2.744,25.439,70.190
47108,2.744,25.293,68.970
47131,2.730,25.317,68.970
47154,2.783,25.415,70.801
47177,2.704,25.122,69.580
47201,2.734,25.513,70.190
47224,2.814,25.391,71.411
47247,2.834,24.536,70.190
47270,2.747,25.806,69.580
47294,2.858,23.804,67.749
47317,2.767,24.854,68.970
47340,2.680,25.391,68.970
47363,2.719,25.122,68.970
47388,2.719,27.026,72.021
47411,2.725,24.438,66.528
47434,2.556,23.901,61.035
47457,2.664,23.706,62.866
47480,2.686,24.097,64.697
47504,2.753,22.974,63.477
47527,3.069,4.419,13.428
47550,2.973,4.395,13.428
47573,3.047,3.809,10.986
47598,2.776,5.078,14.038
47621,2.659,4.736,12.817
47644,2.780,4.565,13.428
47667,2.874,4.102,11.597
47690,2.904,3.857,10.986
47714,2.889,4.224,46.997
47737,2.614,3.589,9.155
47760,2.639,4.370,11.597
47783,2.713,4.443,12.207
47807,2.826,3.833,10.376
47830,2.953,3.223,9.766
47853,2.886,4.492,12.817
47876,2.924,4.419,12.817
47901,2.769,4.614,12.817
47924,3.106,3.516,10.986
47947,2.736,5.029,10.376
47970,2.912,4.492,13.428
47993,3.130,4.346,14.038
48017,3.125,4.077,13.428
48040,3.033,3.784,10.986
48063,2.965,5.664,16.479
48086,2.826,4.443,12.817
48109,3.082,4.761,14.648
48132,2.796,3.760,12.207
48155,3.060,3.638,11.597
48178,3.015,4.541,14.038
48201,2.790,4.395,12.207
48225,3.072,4.590,14.648
48248,3.115,3.784,12.207
48271,3.070,4.956,15.259
48294,3.054,4.370,14.038
48318,2.781,4.419,12.207
48341,2.806,3.833,10.986
48364,3.112,3.613,10.986
48387,2.836,5.908,17.090
48412,3.035,4.419,13.428
48435,2.936,4.541,12.817
48458,2.910,4.077,11.597
48481,3.165,3.613,11.597
48504,3.134,4.565,15.869
48529,3.148,4.395,14.038
48552,3.190,4.688,15.259
48575,3.214,3.809,12.207
48598,3.134,5.444,12.207
48623,3.169,4.565,14.648
48646,3.180,4.395,14.038
48669,3.100,4.736,14.648
48692,3.060,3.809,12.207
48715,3.056,4.932,15.259
48739,3.054,4.614,14.648
48762,3.072,4.395,13.428
48785,3.109,3.809,12.207
48808,3.086,4.175,12.817
48832,2.815,5.029,14.038
48855,2.976,4.419,12.817
48878,2.967,4.468,12.817
48901,2.995,3.809,10.986
48925,3.020,3.979,12.207
48948,2.940,4.663,13.428
48971,3.050,4.419,13.428
48994,3.053,4.443,13.428
49017,3.006,3.833,12.207
49041,2.934,5.396,15.259
49064,3.014,4.395,14.038
49087,2.963,4.395,12.817
49110,3.051,3.784,12.207
49134,3.013,5.127,12.207
49157,3.005,5.811,17.090
49180,2.986,4.395,12.817
49203,2.954,4.248,12.817
49226,3.007,3.833,10.986
49250,2.995,4.102,12.207
49273,2.944,3.735,10.986
49296,2.974,2.734,7.935
49319,2.994,4.492,14.038
49343,3.100,4.175,12.817
49366,3.059,4.590,14.038
49389,3.040,4.346,12.817
49412,3.149,4.395,14.038
49437,3.179,3.979,12.207
49460,3.150,3.613,11.597
49483,3.152,4.443,14.038
49506,3.106,4.419,13.428
49529,3.130,3.809,12.207
49553,3.130,3.711,11.597
49576,3.178,5.273,16.479
49599,3.195,4.297,14.038
49622,3.186,4.321,14.038
49646,3.224,3.711,12.207
49669,3.224,4.004,12.817
49692,3.179,4.517,14.648
49715,3.172,4.272,14.038
49738,3.213,4.370,14.038
49762,3.244,3.735,12.207
49785,3.189,4.590,12.207
49808,3.191,4.517,14.648
49831,3.191,4.346,14.038
49855,3.233,3.516,11.597
49878,3.215,3.638,11.597
49901,3.184,5.469,17.700
49924,3.172,4.443,14.038
49949,3.196,4.370,14.038
49972,3.221,3.735,12.207
49995,3.213,4.443,14.648
50018,3.082,4.443,15.259
50041,3.110,4.346,13.428
50065,2.959,4.468,13.428
50088,2.930,3.638,10.986
50111,2.736,3.931,12.207
50134,3.057,4.663,14.648
50158,3.075,4.395,13.428
50181,3.101,3.760,13.428
50204,3.105,3.760,12.207
50227,3.070,4.883,14.648
50250,3.084,4.272,12.817
50274,3.100,4.297,12.817
50297,3.105,3.735,12.207
50320,3.059,4.297,12.817
50343,3.005,4.541,15.259
50367,3.095,4.346,12.817
50390,3.095,4.395,14.038
50413,3.086,3.784,12.207
50436,3.088,4.126,12.817
50461,3.061,4.541,14.038
50484,3.054,4.321,12.817
50507,3.070,4.370,13.428
50530,3.060,3.760,12.207
50553,3.010,4.736,14.038
50577,3.030,4.517,14.038
50600,3.024,4.395,12.817
50623,3.064,3.784,12.207
50646,2.980,4.443,11.597
50670,3.089,5.225,16.479
50693,3.105,4.370,14.038
50716,3.085,4.395,13.428
50739,3.011,3.955,12.207
50762,2.969,4.688,14.648
50786,2.906,4.858,14.648
50809,2.886,4.736,14.038
50832,2.892,4.858,14.038
50855,3.059,4.028,12.207
50879,3.051,4.565,14.038
50902,3.089,4.419,14.038
50925,3.015,4.468,13.428
50948,2.920,3.809,10.986
50973,3.080,3.809,12.207
50996,3.040,5.151,15.869
51019,2.821,4.395,12.207
51042,2.830,4.297,12.207
51065,2.793,3.809,10.986
51089,2.741,4.810,12.817
51112,2.715,4.639,12.817
51135,2.696,4.370,12.207
51158,2.664,4.199,10.986
51183,3.259,3.833,12.207
51206,3.236,4.858,15.869
51229,3.237,4.590,14.648
51252,3.244,4.419,14.038
51275,3.265,3.760,12.207
51299,3.255,3.809,12.207
51322,3.199,4.468,14.648
51345,3.234,4.370,14.038
51368,3.249,4.370,14.038
51392,3.237,3.784,12.207
51415,3.205,4.932,15.869
51438,3.231,4.541,14.648
51461,3.234,4.565,15.259
51485,3.237,4.639,14.648
51509,3.217,4.077,12.817
51532,3.174,4.565,14.648
51555,3.180,5.054,16.479
51578,3.190,4.980,15.869
51602,3.201,4.590,14.648
51625,3.230,4.028,12.817
51648,3.226,4.688,15.259
51671,3.225,4.834,15.869
51695,3.235,4.443,14.648
51718,3.259,3.809,12.207
51741,3.221,4.907,15.869
51764,3.216,4.443,14.648
51787,3.224,4.199,13.428
51811,3.168,4.395,14.038
51834,3.156,4.810,13.428
51857,3.200,3.638,10.986
51880,2.765,22.974,63.477
51904,2.721,25.293,68.970
51927,2.856,24.048,68.970
51950,2.803,24.927,70.190
51973,2.805,26.758,75.684
51997,2.701,24.707,65.308
52020,3.138,3.638,11.597
52043,3.081,4.639,14.648
52066,3.001,4.395,12.817
52089,3.081,3.809,14.648
52113,3.096,3.784,12.207
52136,3.059,6.812,20.752
52159,3.139,4.419,14.038
52182,3.036,4.419,14.038
52207,3.122,3.784,12.207
52230,3.036,5.835,11.597
52253,3.044,6.982,21.362
52276,3.104,4.370,13.428
52299,3.096,4.468,14.038
52323,3.092,3.809,12.207
52346,3.061,6.714,20.142
52369,3.065,4.663,14.648
52392,3.142,4.395,14.038
52416,3.130,4.248,13.428
52439,3.131,3.833,12.207
52462,3.009,4.492,14.038
52485,3.065,4.688,14.038
52509,2.969,4.443,12.817
52532,3.001,3.833,11.597
52555,3.128,5.249,12.207
52578,3.196,4.346,14.038
52601,3.231,3.955,12.817
52625,3.121,3.882,12.207
52648,3.044,3.687,10.986
52671,3.003,3.687,11.597
52694,2.961,4.565,13.428
52719,3.044,4.224,12.817
52742,3.102,4.175,13.428
52765,3.019,3.638,10.986
52788,3.146,4.517,14.648
52811,3.092,5.005,15.869
52835,3.170,3.687,11.597
52858,3.182,4.663,15.259
52881,3.019,24.951,72.021
52904,3.019,24.146,72.632
52928,2.970,23.633,70.190
52951,3.266,4.663,14.038
52974,2.908,27.539,79.346
52997,2.572,25.488,65.308
53021,2.743,25.269,78.735
53044,2.872,4.688,14.038
53067,2.801,28.491,79.346
53090,2.840,14.551,40.894
53113,2.945,4.663,14.038
53136,2.974,4.688,0.000
53159,3.316,-0.049,0.000
53182,3.378,-0.049,0.000
53205,3.372,-0.024,0.000
53229,3.365,-0.049,0.000
53252,3.170,-0.024,0.000
53275,3.151,-0.024,0.000
53298,3.339,-0.049,0.000
53321,3.219,-0.024,0.000
53345,3.207,-0.024,0.000
53368,3.176,-0.049,0.000
53391,3.339,-0.024,0.000
53414,3.325,-0.024,0.000
53438,3.314,-0.024,0.000
53461,3.193,-0.024,0.000
53484,2.960,-0.049,0.000
53507,3.017,-0.024,0.000
53532,3.193,-0.024,0.000
53555,3.074,-0.024,0.000
53578,3.024,-0.049,0.000
53601,3.284,-0.049,0.000
53624,3.141,-0.024,0.000
53648,3.239,-0.049,0.000
53671,3.201,-0.024,0.000
53694,3.171,0.000,0.000
53717,3.156,-0.024,0.000
53741,3.345,-0.024,0.000
53764,3.273,-0.049,0.000
53787,3.322,-0.049,0.000
53810,3.204,-0.049,0.000
53833,3.234,-0.049,0.000
53857,3.200,-0.049,0.000
53880,3.316,-0.049,0.000
53903,3.364,-0.024,0.000
53926,3.318,-0.024,0.000
53950,3.350,-0.024,0.000
53973,3.134,-0.024,0.000
53996,3.019,-0.049,0.000
54019,3.239,-0.049,0.000
54044,3.144,-0.024,0.000
54067,3.152,-0.024,0.000
54090,3.050,-0.049,0.000
54113,3.141,-0.049,0.000
54136,3.240,-0.024,0.000
54160,3.297,-0.024,0.000
54183,3.213,-0.049,0.000
54206,3.280,-0.024,0.000
54229,3.361,-0.024,0.000
54253,3.365,-0.049,0.000
54276,3.319,-0.049,0.000
54299,3.358,-0.049,0.000
54322,3.372,-0.049,0.000
54345,3.389,-0.049,0.000
54369,3.381,-0.049,0.000
54392,3.386,-0.049,0.000
54415,3.380,-0.049,0.000
54438,3.392,-0.024,0.000
54462,3.399,-0.024,0.000
54485,3.398,-0.049,0.000
54508,3.415,-0.049,0.000
54531,3.412,0.098,0.000
54556,3.412,0.146,0.000
54580,3.402,0.146,0.610
54603,3.229,5.249,17.090
54626,3.309,5.029,16.479
54649,3.320,5.054,17.090
54673,3.314,4.272,14.038
54696,3.304,3.906,12.817
54719,3.301,5.029,17.700
54742,3.283,5.054,16.479
54765,3.289,5.127,17.090
54788,2.916,21.777,63.477
54811,2.911,22.632,67.139
54834,2.834,23.120,67.139
54857,2.876,22.534,64.697
54881,2.865,23.853,68.359
54904,2.882,25.024,72.021
54927,2.824,24.268,68.359
54950,2.726,24.878,67.139
54974,2.791,24.365,68.359
54997,2.860,24.170,68.970
55020,2.834,25.562,72.632
55043,2.797,25.806,72.021
55067,2.810,26.147,73.242
55090,2.856,26.611,76.294
55113,2.838,26.440,75.073
55136,2.870,26.416,75.684
55159,2.894,27.002,78.125
55183,2.803,27.344,76.904
55206,2.706,27.515,74.463
55229,2.695,27.905,76.904
55252,2.658,28.247,75.684
55277,2.697,28.760,78.125
55300,3.075,4.883,14.648
55323,2.935,3.418,9.766
55346,3.064,-0.049,0.000
55369,3.331,-0.049,0.000
55393,3.025,-0.049,0.000
55416,3.025,-0.049,0.000
55439,3.160,-0.049,0.000
55462,3.154,-0.049,0.000
55486,3.148,-0.049,0.000
55509,3.145,-0.049,0.000
55532,3.211,-0.049,0.000
55555,3.199,-0.049,0.000
55580,3.112,-0.049,0.000
55604,3.009,-0.049,0.000
55627,3.068,-0.049,0.000
55650,3.049,-0.049,0.000
55673,3.131,-0.049,0.000
55697,3.161,-0.049,0.000
55720,3.126,-0.024,0.000
55743,3.229,-0.049,0.000
55766,3.178,-0.049,0.000
55791,3.321,-0.049,0.000
55814,3.316,-0.049,0.000
55837,3.277,-0.049,0.000
55860,3.078,-0.049,0.000
55883,3.085,-0.049,0.000
55907,3.118,-0.024,0.000
55930,3.135,-0.073,0.000
55953,2.906,-0.024,0.000
55976,3.125,-0.049,0.000
56000,2.960,-0.049,0.000
56023,2.996,-0.049,0.000
56046,3.014,-0.049,0.000
56069,2.929,-0.024,0.000
56093,2.905,-0.049,0.000
56117,3.099,-0.049,0.000
56140,3.180,-0.049,0.000
56163,3.007,-0.049,0.000
56186,2.950,-0.049,0.000
56210,2.989,-0.049,0.000
56233,2.990,-0.024,0.000
56256,2.956,-0.049,0.000
56279,2.914,-0.024,0.000
56304,2.961,-0.049,0.000
56327,3.044,-0.049,0.000
56350,3.105,-0.049,0.000
56373,3.160,-0.049,0.000
56397,3.148,-0.049,0.000
56420,3.229,-0.049,0.000
56443,3.236,-0.049,0.000
56466,3.246,-0.049,0.000
56489,3.325,-0.049,0.000
56512,3.330,-0.049,0.000
56535,3.316,-0.049,0.000
56558,3.245,-0.049,0.000
56581,3.249,-0.049,0.000
56605,3.259,-0.049,0.000
56629,3.265,-0.049,0.000
56652,3.257,-0.024,0.000
56675,3.235,-0.073,0.000
56698,3.203,-0.049,0.000
56722,3.195,-0.024,0.000
56745,3.206,-0.049,0.000
56768,3.206,-0.049,0.000
56791,3.211,-0.049,0.000
56816,3.274,-0.073,0.000
56839,3.290,-0.049,0.000
56862,3.342,-0.049,0.000
56885,3.346,-0.049,0.000
56909,3.342,-0.049,0.000
56932,3.315,-0.049,0.000
56955,3.321,-0.049,0.000
56978,3.315,-0.024,0.000
57001,3.293,-0.024,0.000
57024,3.269,-0.024,0.000
57047,3.293,-0.049,0.000
57070,3.276,-0.024,0.000
57093,3.264,0.024,0.000
57117,3.168,0.000,0.000
57140,3.176,0.024,0.000
57163,3.209,0.024,0.000
57186,3.141,0.024,0.000
57209,3.033,0.024,0.000
57233,3.004,0.049,0.000
57256,3.112,0.073,0.000
57279,3.148,0.049,0.000
57302,2.928,0.049,0.000
57327,2.979,0.073,0.000
57350,2.995,0.073,0.000
57373,2.949,0.073,0.000
57396,2.939,0.073,0.000
57419,2.969,0.098,0.000
57443,2.973,0.073,0.000
57466,2.985,0.049,0.000
57489,3.027,0.073,0.000
57512,3.015,0.073,0.000
57536,3.040,0.098,0.000
57559,3.066,0.122,0.000
57582,3.108,0.171,1.221
57605,3.116,0.635,2.441
57629,3.096,3.906,12.207
57652,3.054,5.225,15.869
57675,3.061,5.225,16.479
57698,3.132,3.979,12.207
57721,3.104,5.859,18.311
57745,3.072,5.151,15.869
57768,3.104,4.736,14.648
57791,3.046,3.809,11.597
57814,2.690,25.415,67.139
57839,3.116,4.590,14.038
57862,2.648,26.172,68.970
57885,2.601,26.953,70.190
57908,2.586,27.319,70.801
57931,2.664,27.417,73.242
57955,2.675,27.515,73.242
57978,2.650,27.563,72.632
58001,2.590,27.734,72.021
58024,2.561,28.003,72.021
58047,2.545,27.856,71.411
58070,2.630,27.905,73.242
58093,2.656,27.881,74.463
58116,2.640,27.563,72.632
58139,2.615,27.563,71.411
58163,2.529,27.319,69.580
58186,2.497,27.246,67.749
58209,2.590,27.393,71.411
58232,2.406,28.052,68.970
58256,2.438,28.564,69.580
58279,2.379,28.687,68.359
58302,2.384,28.638,68.359
58325,2.674,29.980,80.566
58350,2.977,4.810,14.038
58373,3.000,0.098,0.000
58396,2.878,0.073,0.000
58419,2.902,0.073,0.000
58442,2.906,0.049,0.000
58465,2.894,0.073,0.000
58488,2.967,0.073,0.000
58511,2.960,0.049,0.000
58534,2.912,0.049,0.000
58557,3.176,0.049,0.000
58580,3.244,0.049,0.000
58603,3.251,0.073,0.000
58626,3.199,0.024,0.000
58650,3.236,0.049,0.000
58674,3.254,0.049,0.000
58697,3.156,-0.024,0.000
58720,3.211,-0.049,0.000
58743,3.305,-0.049,0.000
58767,3.319,-0.049,0.000
58790,3.281,-0.024,0.000
58813,3.204,-0.049,0.000
58836,3.175,-0.049,0.000
58861,3.227,-0.049,0.000
58884,3.166,-0.024,0.000
58907,3.159,-0.049,0.000
58930,2.943,-0.049,0.000
58953,3.069,-0.049,0.000
58977,3.205,-0.049,0.000
59000,3.204,-0.049,0.000
59023,3.039,-0.049,0.000
59046,2.999,-0.049,0.000
59071,3.172,-0.049,0.000
59094,3.166,-0.049,0.000
59117,3.182,-0.049,0.000
59140,3.158,-0.073,0.000
59165,2.971,-0.073,0.000
59188,2.916,-0.049,0.000
59211,2.918,-0.049,0.000
59234,2.888,-0.049,0.000
59257,2.906,-0.024,0.000
59280,2.931,-0.024,0.000
59303,2.994,-0.049,0.000
59326,3.007,-0.049,0.000
59349,3.021,-0.049,0.000
59373,3.045,-0.073,0.000
59396,3.346,-0.049,0.000
59419,3.382,-0.024,0.000
59442,3.319,-0.049,0.000
59465,3.256,-0.049,0.000
59489,3.233,-0.049,0.000
59512,3.372,-0.049,0.000
59535,3.382,-0.049,0.000
59558,3.374,-0.049,0.000
59582,3.354,-0.049,0.000
59605,3.326,-0.073,0.000
59628,3.300,-0.049,0.000
59651,3.316,-0.073,0.000
59675,3.303,-0.073,0.000
59699,3.295,-0.073,0.000
59722,3.286,-0.049,0.000
59745,3.225,-0.049,0.000
59768,3.149,-0.049,0.000
59792,3.182,-0.049,0.000
59815,3.235,-0.049,0.000
59838,3.300,-0.049,0.000
59861,3.324,-0.049,0.000
59885,3.342,-0.049,0.000
59908,3.375,-0.049,0.000
59931,3.395,-0.073,0.000
59954,3.395,-0.049,0.000
59977,3.388,-0.073,0.000
60001,3.411,-0.049,0.000
60024,3.420,-0.073,0.000
60047,3.426,-0.049,0.000
60070,3.428,-0.049,0.000
60094,3.431,-0.049,0.000
60117,3.430,-0.049,0.000
60140,3.429,-0.049,0.000
60163,3.428,-0.073,0.000
60188,3.428,-0.049,0.000
60212,3.424,-0.073,0.000
60235,3.420,-0.049,0.000
60259,3.411,-0.073,0.000
60282,3.390,-0.073,0.000
60306,3.334,-0.049,0.000
60329,3.124,-0.049,0.000
60353,3.050,-0.049,0.000
60377,3.013,-0.049,0.000
60401,3.331,-0.049,0.000
60424,3.217,-0.049,0.000
60447,2.921,-0.049,0.000
60470,3.332,-0.049,0.000
60495,3.332,-0.049,0.000
60518,3.338,-0.049,0.000
60541,3.339,-0.073,0.000
60564,3.334,-0.073,0.000
60587,3.328,-0.049,0.000
60611,3.315,-0.049,0.000
60634,3.283,-0.073,0.000
60657,3.254,-0.049,0.000
60680,3.253,-0.073,0.000
60705,3.254,-0.049,0.000
60728,3.254,-0.049,0.000
60751,3.237,-0.049,0.000
60774,3.244,-0.073,0.000
60797,3.227,-0.049,0.000
60821,3.235,-0.049,0.000
60844,3.156,-0.049,0.000
60867,3.060,-0.024,0.000
60890,3.076,-0.049,0.000
60914,3.101,-0.073,0.000
60937,3.126,-0.049,0.000
60960,3.204,-0.049,0.000
60983,3.209,-0.049,0.000
61008,3.247,-0.049,0.000
61031,3.251,-0.073,0.000
61054,3.255,-0.049,0.000
61077,3.207,-0.073,0.000
61100,3.193,-0.049,0.000
61124,3.148,-0.049,0.000
61147,3.328,-0.049,0.000
61170,3.332,-0.049,0.000
61193,3.346,-0.049,0.000
61217,3.330,-0.073,0.000
61240,3.264,-0.073,0.000
61263,3.250,-0.073,0.000
61286,3.246,-0.073,0.000
61309,3.014,-0.049,0.000
61333,2.985,-0.049,0.000
61356,3.168,-0.073,0.000
61379,3.096,-0.049,0.000
61402,2.924,-0.049,0.000
61427,2.939,-0.049,0.000
61450,3.285,-0.049,0.000
61473,3.264,-0.073,0.000
61496,3.253,-0.024,0.000
61520,2.696,9.595,25.024
61543,2.547,23.706,61.035
61566,2.556,24.609,62.866
61589,2.500,24.927,62.256
61612,2.487,25.244,62.866
61636,2.431,25.195,60.425
61659,2.664,24.805,65.918
61682,2.682,24.414,65.308
61705,2.672,24.194,64.697
61730,2.704,24.072,64.697
61753,2.775,24.170,67.139
61776,2.779,24.243,67.139
61799,2.776,24.390,67.749
61822,2.716,25.000,67.749
61846,2.701,25.220,67.749
61869,2.688,25.269,67.749
61892,2.701,25.488,68.970
61915,2.701,25.610,69.580
61939,2.693,25.635,67.749
61962,2.457,25.537,62.866
61985,2.455,25.659,62.866
62008,2.449,25.635,62.256
62032,2.445,25.513,62.256
62055,2.632,25.342,67.139
62078,2.409,25.366,61.035
62101,2.324,25.391,59.204
62124,2.354,25.244,59.814
62148,2.346,25.098,59.204
62171,2.328,25.342,59.204
62194,2.319,25.171,59.204
62217,2.354,25.244,59.814
62241,2.360,25.220,59.814
62264,2.376,25.464,61.035
62287,2.404,25.781,62.256
62310,2.415,25.854,62.256
62333,2.424,26.050,62.866
62357,2.445,26.050,64.087
62380,2.447,26.196,64.087
62403,2.481,26.758,65.918
62426,2.485,27.051,67.139
62450,2.421,27.173,66.528
62473,2.435,27.954,67.749
62496,2.445,28.320,68.970
62519,2.411,28.613,68.970
62544,2.405,28.833,69.580
62567,2.392,29.077,70.190
62590,2.398,30.396,73.242
62613,2.421,30.493,73.853
62636,2.280,29.492,67.139
62660,2.320,30.664,70.190
62683,2.334,30.225,70.801
62706,2.355,30.151,70.801
62729,2.375,30.176,71.411
62753,2.398,29.956,71.411
62776,2.395,29.980,72.021
62799,2.717,30.176,81.787
62822,2.769,30.981,86.060
62845,2.669,31.958,84.229
62869,2.499,33.276,83.008
62892,2.415,33.228,80.566
62915,2.681,21.362,12.817
62938,2.904,6.445,18.921
62962,3.011,-0.049,0.000
62985,2.986,-0.049,0.000
63008,2.966,-0.049,0.000
63031,2.997,-0.073,0.000
63056,2.985,-0.049,0.000
63079,3.170,-0.049,0.000
63102,3.171,-0.073,0.000
63125,3.175,-0.049,0.000
63148,3.274,-0.049,0.000
63172,3.176,-0.049,0.000
63195,3.178,-0.049,0.000
63218,3.171,-0.049,0.000
63241,3.182,-0.073,0.000
63266,3.179,-0.073,0.000
63289,3.184,-0.049,0.000
63312,3.180,-0.073,0.000
63335,3.190,-0.073,0.000
63358,3.329,-0.049,0.000
63382,3.322,-0.049,0.000
63405,3.311,-0.049,0.000
63428,3.304,-0.049,0.000
63451,3.289,-0.049,0.000
63475,3.253,-0.073,0.000
63498,3.178,-0.073,0.000
63521,3.115,-0.073,0.000
63544,3.115,-0.073,0.000
63568,3.101,-0.049,0.000
63592,3.111,-0.049,0.000
63615,3.149,-0.049,0.000
63638,3.151,-0.024,0.000
63661,3.154,-0.049,0.000
63685,3.155,-0.049,0.000
63708,3.160,-0.049,0.000
63731,3.158,-0.049,0.000
63754,3.146,-0.049,0.000
63778,3.257,-0.049,0.000
63801,3.257,-0.049,0.000
63824,3.259,-0.049,0.000
63847,3.256,-0.049,0.000
63870,3.254,-0.049,0.000
63894,3.255,-0.049,0.000
63917,3.250,0.000,0.000
63940,3.251,0.000,0.000
63963,3.256,0.000,0.000
63987,3.261,0.000,0.000
64010,3.274,0.000,0.000
64033,3.281,0.000,0.000
64056,3.286,0.000,0.000
64080,3.291,0.000,0.000
64103,3.294,0.024,0.000
64126,3.297,0.049,0.000
64149,3.297,0.024,0.000
64172,3.306,0.024,0.000
64196,3.305,0.024,0.000
64219,3.304,0.024,0.000
64242,3.306,0.049,0.000
64265,3.304,0.049,0.000
64288,3.303,0.049,0.000
64312,3.306,0.049,0.000
64335,3.303,0.049,0.000
64358,3.305,0.073,0.000
64381,3.304,0.049,0.000
64405,3.306,0.049,0.000
64428,3.306,0.073,0.000
64451,3.306,0.049,0.000
64474,3.311,0.049,0.000
64498,3.325,0.049,0.000
64521,3.378,0.049,0.000
64544,3.396,0.073,0.000
64567,3.401,0.049,0.000
64592,3.405,0.073,0.000
64615,3.406,0.049,0.000
64638,3.408,0.073,0.000
64661,3.409,0.098,0.000
64684,3.408,0.098,0.000
64708,3.408,0.122,0.000
64731,3.289,5.054,17.090
64754,2.816,26.562,75.073
64777,2.820,27.148,76.904
64802,2.832,27.368,78.125
64825,2.862,26.318,75.684
64848,2.856,26.587,76.294
64871,2.864,26.392,76.294
64894,2.864,26.221,75.073
64918,2.871,26.245,75.684
64941,2.879,25.879,74.463
64964,2.884,25.635,73.853
64987,2.884,25.366,73.242
65011,2.881,25.610,73.853
65034,2.886,25.684,73.853
65057,2.890,25.806,74.463
65080,2.890,25.293,73.242
65104,2.888,25.391,73.242
65127,2.884,25.635,73.853
65150,2.884,25.757,74.463
65173,2.881,25.659,73.853
65196,2.884,25.879,75.073
65220,2.884,25.708,73.853
65243,2.884,25.977,75.073
65266,2.882,25.830,74.463
65289,2.879,25.830,74.463
65314,2.881,26.001,75.073
65337,2.878,25.757,73.853
65360,2.882,25.977,74.463
65383,2.879,25.928,75.073
65406,2.879,25.952,74.463
65430,2.878,25.757,73.853
65453,2.880,25.781,73.853
65476,2.882,25.513,73.853
65499,2.884,25.757,74.463
65523,2.884,25.537,73.853
65546,2.884,25.488,73.853
65569,2.888,25.513,73.853
65592,2.888,25.366,73.242
65616,2.890,25.415,73.853
65639,2.888,25.366,73.242
65662,2.886,25.244,73.242
65685,2.891,25.342,73.242
65708,2.889,25.317,73.242
65732,2.886,25.220,73.242
65755,2.889,25.366,73.242
65778,2.889,25.317,73.242
65801,2.890,25.293,73.242
65826,2.886,25.098,73.242
65849,2.892,25.049,72.632
65872,2.886,25.439,73.242
65895,2.886,25.269,73.242
65918,2.886,25.464,73.242
65942,2.885,25.464,73.853
65965,2.885,25.488,73.853
65988,2.885,25.342,73.242
66011,2.885,25.439,73.853
66035,2.886,25.244,73.242
66058,2.890,25.342,73.242
66081,2.888,25.366,73.242
66104,2.889,25.439,73.853
66128,2.886,25.342,73.242
66151,2.885,25.317,73.242
66174,2.889,25.366,73.242
66197,2.885,25.342,73.242
66220,2.889,25.415,73.853
66244,2.885,25.342,73.242
66267,2.886,25.415,73.242
66290,2.885,25.317,73.242
66313,2.888,25.464,73.853
66337,2.885,25.415,73.242
66360,2.888,25.488,73.853
66383,2.882,25.439,73.242
66406,2.881,25.391,73.242
66429,2.882,25.537,73.853
66453,2.880,25.439,73.242
66476,2.882,25.513,73.853
66499,2.881,25.635,73.242
66522,2.880,25.513,73.242
66546,2.879,25.708,73.853
66569,2.872,25.635,73.853
66592,2.875,25.732,73.853
66615,2.874,25.708,73.853
66640,2.871,25.757,73.853
66663,2.870,25.806,74.463
66686,2.872,25.903,74.463
66709,2.862,25.854,73.853
66732,2.866,26.025,73.853
66756,2.866,25.977,74.463
66779,2.861,25.830,73.853
66802,2.865,26.050,73.853
66825,2.859,26.074,75.073
66849,2.859,26.001,74.463
66872,2.859,26.123,75.073
66895,2.855,26.025,75.073
66918,2.860,26.025,74.463
66941,2.856,25.952,73.853
66965,2.860,26.123,74.463
66988,2.855,26.074,74.463
67011,2.858,26.196,75.073
67034,2.852,26.099,74.463
67058,2.858,26.147,75.073
67081,2.854,26.196,75.073
67104,2.854,26.392,75.073
67127,2.849,26.318,75.073
67152,2.852,26.538,76.294
67175,2.848,26.660,76.294
67198,2.844,26.562,76.294
67221,2.845,26.587,75.684
67244,2.838,26.611,75.684
67268,2.841,26.660,76.294
67291,2.838,27.246,76.904
67314,2.801,28.613,79.956
67337,2.787,28.979,81.177
67361,2.783,29.248,81.177
67384,2.786,29.248,81.787
67407,2.787,29.395,81.787
67430,2.789,29.297,81.787
67453,2.789,29.297,81.787
67477,2.783,29.370,81.787
67500,2.783,29.346,81.787
67523,2.780,29.370,81.787
67546,2.776,29.517,81.787
67570,2.771,29.517,81.787
67593,2.767,29.565,81.787
67616,2.766,29.565,81.787
67639,2.761,29.663,81.787
67663,2.759,29.736,81.787
67686,2.754,29.761,81.787
67709,2.745,29.834,81.787
67732,2.743,29.810,81.787
67755,2.736,29.834,81.787
67779,2.733,29.858,81.177
67802,2.725,29.858,81.177
67825,2.729,29.858,81.177
67848,2.736,29.834,81.787
67873,2.737,29.858,81.787
67896,2.731,29.834,81.787
67919,2.726,29.834,81.787
67942,2.731,29.883,81.177
67965,2.726,29.858,81.177
67989,2.715,29.858,81.177
68012,2.721,29.858,81.177
68035,2.724,29.858,81.177
68058,2.720,29.858,81.177
68083,2.725,29.834,81.177
68106,2.729,29.858,81.177
68129,2.730,29.810,81.177
68152,2.730,29.834,81.177
68176,2.727,29.858,81.787
68199,2.733,29.834,81.787
68222,2.729,29.810,81.177
68245,2.731,29.761,81.177
68268,2.735,29.712,81.177
68292,2.734,29.663,81.177
68315,2.739,29.590,81.177
68338,2.739,29.565,81.177
68361,2.734,29.712,81.177
68384,2.725,29.980,81.787
68407,2.721,30.176,81.787
68430,2.717,30.249,81.787
68453,2.709,30.469,82.397
68476,2.705,30.591,83.008
68500,2.713,30.396,82.397
68523,2.707,30.371,81.787
68546,2.706,30.371,81.787
68569,2.705,30.371,81.787
68593,2.714,30.322,81.787
68616,2.716,30.420,83.008
68639,2.719,30.420,83.008
68662,2.717,30.469,83.008
68687,2.717,30.518,83.008
68710,2.721,30.518,83.008
68733,2.716,30.518,83.008
68756,2.717,30.542,83.008
68779,2.719,30.518,83.008
68802,2.716,30.518,83.008
68825,2.713,30.518,83.008
68848,2.711,30.542,83.008
68871,2.711,30.518,83.008
68894,2.746,30.518,84.229
68917,2.744,30.518,84.229
68940,2.741,30.542,84.229
68963,2.741,30.518,84.229
68986,2.741,30.518,84.229
69010,2.737,30.493,83.618
69033,2.736,30.469,83.618
69056,2.741,30.518,84.229
69079,2.735,30.493,83.008
69104,2.726,30.835,84.229
69127,2.733,30.518,83.008
69150,2.737,30.542,84.229
69173,2.739,30.566,84.229
69197,2.739,30.615,84.229
69220,2.740,30.518,84.229
69243,2.744,30.542,84.229
69266,2.743,30.566,84.229
69289,2.744,30.591,84.229
69313,2.746,30.615,83.618
69336,2.746,30.664,84.229
69359,2.751,30.664,84.229
69382,2.750,30.664,84.229
69405,2.754,30.713,84.839
69428,2.754,30.786,84.839
69451,2.754,30.859,84.839
69474,2.755,30.859,84.839
69497,2.750,31.079,85.449
69521,2.750,31.152,86.060
69544,2.750,31.152,86.060
69567,2.751,31.104,86.060
69590,2.754,31.079,85.449
69615,2.753,31.030,84.839
69638,2.756,30.933,84.839
69661,2.759,30.884,84.839
69684,2.757,30.835,84.839
69707,2.754,31.128,86.060
69731,2.755,31.152,86.060
69754,2.755,31.128,86.060
69777,2.754,31.079,86.060
69800,2.754,31.104,86.060
69824,2.757,31.079,86.060
69847,2.760,31.055,86.060
69870,2.759,31.079,86.060
69893,2.759,31.152,86.060
69917,2.760,31.079,86.060
69940,2.761,31.055,86.060
69963,2.761,31.079,86.060
69986,2.761,31.030,86.060
70009,2.765,31.104,86.060
70033,2.765,31.055,86.060
70056,2.764,31.104,85.449
70079,2.761,31.104,86.060
70102,2.764,31.055,86.060
70126,2.763,31.055,86.060
70149,2.763,31.030,86.060
70172,2.759,31.055,86.060
70195,2.751,31.055,84.839
70218,2.759,31.152,86.060
70242,2.766,31.274,86.670
70265,2.765,31.299,86.670
70288,2.767,31.274,87.280
70311,2.767,31.250,86.670
70335,2.780,31.250,87.280
70358,2.781,31.299,87.280
70381,2.781,31.201,87.280
70404,2.781,31.226,87.280
70429,2.781,31.250,87.280
70453,2.784,31.372,87.280
70476,2.784,31.372,87.280
70499,2.789,31.152,87.280
70522,2.790,31.274,86.670
70546,2.787,31.274,87.280
70569,2.787,31.274,87.280
70592,2.789,31.226,87.280
70615,2.787,31.226,87.280
70640,2.787,31.274,87.280
70663,2.790,31.274,87.280
70686,2.789,31.299,87.280
70709,2.790,31.323,87.280
70733,2.793,31.250,87.280
70756,2.791,31.250,87.280
70779,2.793,31.226,87.280
70802,2.799,31.250,87.891
70825,2.799,31.299,87.280
70849,2.796,31.250,87.280
70872,2.797,31.250,87.280
70895,2.797,31.201,87.280
70918,2.801,31.201,87.280
70941,2.800,31.152,87.280
70964,2.803,31.104,87.280
70987,2.803,31.079,87.280
71010,2.801,31.104,87.280
71033,2.800,31.177,87.280
71057,2.800,31.128,87.280
71080,2.800,31.079,87.280
71103,2.797,31.104,87.280
71126,2.796,31.079,87.280
71150,2.797,31.079,87.280
71173,2.796,31.030,86.670
71196,2.796,31.030,87.280
71219,2.793,31.104,87.280
71242,2.793,31.055,87.280
71266,2.791,31.104,87.280
71289,2.789,31.201,87.280
71312,2.793,31.055,87.280
71335,2.790,31.104,87.280
71359,2.789,31.152,87.280
71382,2.781,31.128,87.280
71405,2.780,31.177,87.280
71428,2.784,31.177,87.280
71453,2.779,31.152,87.280
71476,2.781,31.226,87.280
71499,2.777,31.250,86.670
71522,2.779,31.201,86.670
71545,2.777,31.201,87.280
71569,2.779,31.152,87.280
71592,2.774,31.177,86.670
71615,2.777,31.201,86.670
71638,2.773,31.226,86.670
71663,2.775,31.201,86.670
71686,2.774,31.274,87.280
71709,2.770,31.201,86.670
71732,2.767,31.201,86.670
71755,2.774,31.201,87.280
71779,2.774,31.274,87.280
71802,2.775,31.250,86.060
71825,2.773,31.226,86.670
71848,2.774,31.226,87.280
71872,2.776,31.274,87.280
71895,2.777,31.104,86.060
71918,2.781,31.128,87.280
71941,2.776,31.030,86.670
71965,2.779,31.128,87.280
71988,2.777,31.055,86.060
72011,2.773,31.128,86.670
72034,2.771,31.299,87.280
72057,2.764,31.299,86.670
72081,2.765,31.396,87.280
72104,2.766,31.348,87.280
72127,2.765,31.396,87.280
72150,2.763,31.396,87.280
72175,2.764,31.421,87.280
72198,2.765,31.348,87.280
72221,2.757,31.470,87.280
72244,2.755,31.519,87.280
72267,2.760,31.543,87.280
72291,2.757,31.519,87.280
72314,2.756,31.445,87.280
72337,2.755,31.494,87.280
72360,2.756,31.323,86.060
72384,2.757,31.421,86.670
72407,2.761,31.494,87.280
72430,2.756,31.372,86.670
72453,2.757,31.421,86.670
72477,2.756,31.396,86.670
72500,2.757,31.396,86.670
72523,2.760,31.396,86.060
72546,2.756,31.299,86.060
72569,2.763,31.299,86.670
72593,2.767,31.274,87.280
72616,2.773,30.713,84.839
72639,2.789,30.225,84.229
72662,2.793,30.005,84.229
72687,2.799,29.810,83.618
72710,2.799,29.810,83.618
72733,2.805,29.736,83.618
72756,2.807,29.688,83.008
72779,2.809,30.005,84.229
72803,2.806,29.688,83.618
72826,2.805,29.614,83.008
72849,2.799,29.858,83.008
72872,2.807,29.419,82.397
72895,2.806,29.321,81.787
72918,2.804,29.346,82.397
72941,2.807,29.224,82.397
72964,2.810,29.175,81.787
72987,2.815,29.053,81.787
73010,2.805,29.614,83.008
73033,2.810,28.955,81.177
73056,2.812,28.882,80.566
73079,2.814,28.931,81.787
73103,2.820,29.028,81.787
73126,2.818,29.004,83.008
73149,2.820,29.272,82.397
73172,2.811,29.248,81.787
73195,2.809,29.150,82.397
73218,2.818,29.370,82.397
73241,2.794,29.370,82.397
73264,2.801,29.419,82.397
73287,3.285,4.932,15.869
73311,3.310,0.073,0.000
73334,3.361,0.049,0.000
73357,3.358,0.073,0.000
73380,3.361,0.049,0.000
73405,3.359,0.049,0.000
73428,3.359,0.049,0.000
73451,3.361,0.049,0.000
73474,3.360,0.073,0.000
73498,3.361,0.049,0.000
73521,3.360,0.049,0.000
73544,3.359,0.073,0.000
73567,3.360,0.073,0.000
73590,3.361,0.098,0.000
73614,3.362,0.049,0.000
73637,3.364,0.049,0.000
73660,3.365,0.049,0.000
73683,3.364,0.073,0.000
73706,3.362,0.073,0.000
73729,3.361,0.049,0.000
73752,3.364,0.073,0.000
73775,3.364,0.049,0.000
73798,3.361,0.049,0.000
73822,3.362,0.049,0.000
73845,3.368,0.049,0.000
73868,3.369,0.073,0.000
73891,3.365,0.073,0.000
73916,3.364,0.049,0.000
73939,3.366,0.049,0.000
73962,3.365,0.073,0.000
73985,3.365,0.073,0.000
74008,3.364,0.049,0.000
74032,3.360,0.073,0.000
74055,3.358,0.049,0.000
74078,3.362,0.073,0.000
74101,3.358,0.049,0.000
74125,3.359,0.049,0.000
74148,3.360,0.049,0.000
74171,3.361,0.098,0.000
74194,3.362,0.073,0.000
74218,3.362,0.049,0.000
74241,3.364,0.073,0.000
74264,3.364,0.049,0.000
74287,3.364,0.073,0.000
74310,3.364,0.073,0.000
74334,3.362,0.073,0.000
74357,3.365,0.073,0.000
74380,3.365,0.098,0.000
74403,3.365,0.098,0.000
74428,3.368,0.098,0.000
74451,3.366,0.122,0.000
74474,3.360,0.146,0.610
74497,2.973,21.069,61.035
74520,3.247,6.738,21.973
74544,3.281,4.736,15.869
74567,2.800,29.688,83.618
74590,2.795,29.736,84.839
74613,2.784,30.493,84.839
74637,3.213,10.840,34.790
74660,3.043,18.481,55.542
74683,3.003,23.950,67.749
74706,3.244,7.129,23.193
74730,2.881,23.901,68.359
74753,2.941,24.951,41.504
74776,3.029,17.847,53.101
74799,2.921,19.922,58.594
74822,3.203,13.086,40.894
74846,3.190,10.059,31.738
74869,3.193,10.059,31.738
74892,3.188,10.083,31.738
74915,3.185,10.059,31.738
74940,3.370,0.098,0.000
74963,3.370,0.098,0.000
74986,3.372,0.098,0.000
75009,3.372,0.098,0.000
75032,3.368,0.098,0.000
75056,3.369,0.098,0.000
75079,3.370,0.098,0.000
75102,3.371,0.073,0.000
75125,3.375,0.098,0.000
75149,3.372,0.098,0.000
75172,3.371,0.073,0.000
75195,3.372,0.073,0.000
75218,3.371,0.073,0.000
75242,3.374,0.073,0.000
75266,3.369,0.073,0.000
75289,3.374,0.049,0.000
75312,3.378,0.073,0.000
75335,3.376,0.024,0.000
75359,3.375,0.024,0.000
75382,3.375,0.000,0.000
75405,3.374,-0.024,0.000
75428,3.376,-0.024,0.000
75453,3.372,-0.024,0.000
75476,3.375,-0.049,0.000
75499,3.372,-0.049,0.000
75522,3.378,-0.049,0.000
75546,3.375,-0.049,0.000
75570,3.376,-0.073,0.000
75593,3.378,-0.073,0.000
75616,3.376,-0.049,0.000
75639,3.376,-0.073,0.000
75663,3.379,-0.049,0.000
75686,3.379,-0.073,0.000
75709,3.379,-0.049,0.000
75732,3.380,-0.073,0.000
75755,3.380,-0.073,0.000
75778,3.380,-0.073,0.000
75801,3.380,-0.073,0.000
75824,3.380,-0.073,0.000
75847,3.375,-0.049,0.000
75871,3.378,-0.073,0.000
75894,3.375,-0.073,0.000
75917,3.371,-0.073,0.000
75940,3.374,-0.073,0.000
75965,3.374,-0.073,0.000
75988,3.372,-0.049,0.000
76011,3.372,-0.073,0.000
76034,3.371,-0.049,0.000
76059,3.372,-0.049,0.000
76083,3.372,-0.049,0.000
76106,3.369,-0.049,0.000
76129,3.368,-0.049,0.000
76152,3.370,-0.073,0.000
76176,3.372,-0.049,0.000
76199,3.370,-0.073,0.000
76222,3.369,-0.073,0.000
76245,3.365,-0.073,0.000
76268,3.361,-0.049,0.000
76292,3.361,-0.049,0.000
76315,3.369,-0.073,0.000
76338,3.369,-0.049,0.000
76361,3.365,-0.049,0.000
76385,3.369,-0.073,0.000
76408,3.369,-0.049,0.000
76431,3.369,-0.049,0.000
76454,3.364,-0.049,0.000
76478,3.365,-0.049,0.000
76501,3.366,-0.049,0.000
76524,3.368,-0.049,0.000
76547,3.368,-0.049,0.000
76571,3.362,-0.049,0.000
76595,3.368,-0.073,0.000
76618,3.364,-0.049,0.000
76641,3.365,-0.049,0.000
76664,3.364,-0.049,0.000
76688,3.368,-0.049,0.000
76711,3.359,-0.073,0.000
76734,3.368,-0.049,0.000
76757,3.368,-0.049,0.000
76782,3.368,-0.024,0.000
76805,3.368,-0.024,0.000
76828,3.369,-0.049,0.000
76851,3.362,-0.049,0.000
76874,3.365,-0.073,0.000
76898,3.368,-0.049,0.000
76921,3.362,-0.049,0.000
76944,3.364,-0.049,0.000
76967,3.362,-0.049,0.000
76991,3.365,-0.049,0.000
77014,3.360,-0.024,0.000
77037,3.361,-0.024,0.000
77060,3.361,-0.049,0.000
77085,3.365,-0.049,0.000
77109,3.362,-0.024,0.000
77132,3.362,-0.024,0.000
77155,3.359,-0.024,0.000
77178,3.360,-0.049,0.000
77202,3.362,-0.073,0.000
77225,3.366,-0.024,0.000
77248,3.365,-0.049,0.000
77271,3.366,-0.049,0.000
77296,3.368,-0.049,0.000
77319,3.366,-0.049,0.000
77342,3.369,-0.049,0.000
77365,3.362,-0.049,0.000
77389,3.362,-0.024,0.000
77412,3.364,-0.049,0.000
77435,3.361,-0.049,0.000
77458,3.361,-0.049,0.000
77481,3.364,-0.049,0.000
77505,3.366,-0.049,0.000
77528,3.364,-0.049,0.000
77551,3.362,-0.049,0.000
77574,3.366,-0.049,0.000
77597,3.368,-0.049,0.000
77621,3.368,-0.073,0.000
77644,3.368,-0.049,0.000
77667,3.362,-0.024,0.000
77690,3.361,-0.049,0.000
77714,3.356,-0.049,0.000
77737,3.360,-0.049,0.000
77760,3.360,-0.024,0.000
77783,3.359,-0.024,0.000
77808,3.358,-0.049,0.000
77831,3.358,-0.049,0.000
77854,3.354,0.000,0.000
77877,3.359,0.000,0.000
77901,3.350,-0.024,0.000
77924,3.355,-0.024,0.000
77947,3.348,-0.024,0.000
77970,3.341,0.000,0.000
77993,3.348,0.000,0.000
78017,3.345,-0.024,0.000
78040,3.348,0.000,0.000
78063,3.350,-0.024,0.000
78086,3.339,0.000,0.000
78109,3.340,0.000,0.000
78132,3.338,0.000,0.000
78155,3.335,-0.024,0.000
78178,3.330,-0.024,0.000
78201,3.320,-0.049,0.000
78225,3.326,-0.073,0.000
78248,3.329,-0.073,0.000
78271,3.326,-0.073,0.000
78294,3.336,-0.073,0.000
78319,3.331,-0.073,0.000
78342,3.331,-0.073,0.000
78365,3.329,-0.049,0.000
78388,3.329,-0.073,0.000
78411,3.329,-0.049,0.000
78435,3.330,-0.049,0.000
78458,3.328,0.000,0.000
78481,3.326,0.000,0.000
78504,3.328,0.024,0.000
78528,3.330,0.024,0.000
78551,3.329,0.024,0.000
78574,3.324,0.000,0.000
78597,3.328,0.024,0.000
78621,3.326,0.024,0.000
78644,3.314,0.024,0.000
78667,3.320,0.024,0.000
78690,3.320,0.049,0.000
78713,3.324,0.073,0.000
78737,3.321,0.122,0.000
78760,3.281,1.831,6.104
78783,3.236,5.054,16.479
78806,3.239,5.615,12.817
78831,3.112,9.131,28.076
78854,3.169,8.423,26.855
78877,3.171,8.423,26.855
78900,3.168,8.423,26.855
78923,3.162,8.398,26.855
78947,3.158,8.398,26.855
78970,3.159,8.179,26.245
78993,3.168,8.179,26.245
79016,3.162,8.154,26.245
79040,2.975,16.577,48.828
79063,2.959,21.606,61.035
79086,3.196,7.080,23.193
79109,2.860,21.460,61.035
79133,3.062,23.022,65.308
79157,2.981,16.626,48.218
79180,2.878,20.728,59.204
79203,3.193,11.597,23.193
79226,3.151,9.448,29.907
79250,3.131,9.497,29.907
79273,3.315,0.073,0.000
79296,3.319,0.073,0.000
79319,3.315,0.049,0.000
79343,3.318,0.073,0.000
79366,3.318,0.049,0.000
79389,3.311,0.098,0.000
79412,3.318,0.049,0.000
79435,3.316,0.049,0.000
79459,3.321,0.049,0.000
79482,3.322,0.049,0.000
79505,3.320,0.049,0.000
79528,3.328,0.000,0.000
79553,3.321,0.000,0.000
79576,3.311,-0.024,0.000
79599,3.314,-0.049,0.000
79622,3.309,-0.049,0.000
79645,3.311,-0.049,0.000
79668,3.320,-0.049,0.000
79691,3.316,-0.049,0.000
79714,3.311,-0.073,0.000
79737,3.320,-0.073,0.000
79761,3.312,-0.049,0.000
79784,3.321,-0.049,0.000
79807,3.319,-0.049,0.000
79830,3.312,-0.073,0.000
79855,3.318,-0.073,0.000
79878,3.305,-0.073,0.000
79901,3.311,-0.049,0.000
79924,3.310,-0.073,0.000
79947,3.307,-0.049,0.000
79971,3.314,-0.049,0.000
79994,3.306,-0.049,0.000
80017,3.314,-0.049,0.000
80040,3.315,-0.073,0.000
80064,3.320,-0.073,0.000
80087,3.312,-0.073,0.000
80110,3.311,-0.073,0.000
80133,3.307,-0.073,0.000
80157,3.312,-0.049,0.000
80181,3.305,-0.073,0.000
80204,3.312,-0.049,0.000
80227,3.299,-0.049,0.000
80250,3.315,-0.049,0.000
80274,3.299,-0.049,0.000
80297,3.300,-0.049,0.000
80320,3.301,-0.049,0.000
80343,3.311,-0.049,0.000
80368,3.306,-0.049,0.000
80391,3.305,-0.049,0.000
80414,3.301,-0.024,0.000
80437,3.310,-0.024,0.000
80461,3.301,-0.049,0.000
80484,3.310,-0.049,0.000
80507,3.316,-0.024,0.000
80530,3.315,-0.049,0.000
80553,3.311,-0.049,0.000
80578,3.316,-0.049,0.000
80601,3.312,-0.049,0.000
80624,3.309,-0.049,0.000
80647,3.316,-0.049,0.000
80670,3.310,-0.024,0.000
80693,3.307,-0.049,0.000
80716,3.315,-0.049,0.000
80739,3.314,-0.024,0.000
80762,3.307,-0.049,0.000
80786,3.311,-0.024,0.000
80809,3.310,-0.073,0.000
80832,3.300,-0.049,0.000
80855,3.310,-0.049,0.000
80880,3.301,-0.024,0.000
80903,3.304,-0.049,0.000
80926,3.311,-0.049,0.000
80949,3.310,-0.024,0.000
80973,3.305,-0.049,0.000
80996,3.312,-0.049,0.000
81019,3.309,-0.024,0.000
81042,3.309,-0.024,0.000
81065,3.314,-0.024,0.000
81089,3.312,-0.024,0.000
81112,3.310,-0.024,0.000
81135,3.309,-0.024,0.000
81158,3.312,-0.049,0.000
81181,3.314,-0.024,0.000
81204,3.310,-0.024,0.000
81227,3.309,-0.024,0.000
81250,3.309,-0.024,0.000
81273,3.311,-0.024,0.000
81297,3.297,-0.024,0.000
81320,3.307,-0.024,0.000
81343,3.310,-0.024,0.000
81366,3.299,-0.049,0.000
81391,3.306,-0.024,0.000
81414,3.309,-0.073,0.000
81437,3.309,-0.073,0.000
81460,3.307,-0.049,0.000
81483,3.306,-0.049,0.000
81507,3.315,-0.049,0.000
81530,3.307,-0.073,0.000
81553,3.309,-0.049,0.000
81576,3.305,-0.049,0.000
81600,3.306,-0.024,0.000
81623,3.310,-0.024,0.000
81646,3.309,-0.049,0.000
81669,3.312,-0.049,0.000
81693,3.307,-0.049,0.000
81717,3.305,-0.024,0.000
81740,3.310,-0.024,0.000
81763,3.307,-0.024,0.000
81786,3.312,-0.024,0.000
81810,3.305,-0.024,0.000
81833,3.306,-0.049,0.000
81856,3.307,-0.049,0.000
81879,3.309,-0.049,0.000
81904,3.305,-0.073,0.000
81927,3.310,-0.049,0.000
81950,3.300,-0.049,0.000
81973,3.305,-0.049,0.000
81997,3.295,-0.073,0.000
82020,3.300,-0.049,0.000
82043,3.297,0.024,0.000
82066,3.295,0.073,0.000
82089,3.085,12.207,36.011
82113,3.161,6.714,20.752
82136,3.195,4.785,15.869
82159,3.125,8.301,26.245
82182,3.121,8.301,26.245
82205,3.122,8.179,26.245
82228,3.121,8.179,25.024
82251,3.122,8.130,25.635
82274,3.114,8.032,25.024
82297,3.114,8.008,25.024
82321,3.110,8.008,25.024
82344,2.939,17.090,48.828
82367,2.825,24.243,67.749
82390,2.938,6.982,21.973
82415,2.889,17.480,49.438
82438,2.819,22.656,63.477
82461,3.174,6.982,21.973
82484,2.831,18.750,53.711
82507,2.872,23.389,66.528
82531,3.131,7.983,25.024
82554,3.102,9.399,29.297
82577,3.112,9.375,29.297
82600,3.281,-0.024,0.000
82624,3.277,-0.024,0.000
82647,3.271,-0.049,0.000
82670,3.267,-0.024,0.000
82693,3.260,-0.024,0.000
82717,3.257,-0.024,0.000
82740,3.260,-0.024,0.000
82763,3.265,-0.049,0.000
82786,3.256,-0.049,0.000
82809,3.251,-0.049,0.000
82833,3.255,-0.049,0.000
82856,3.265,-0.049,0.000
82879,3.253,-0.049,0.000
82902,3.250,-0.049,0.000
82927,3.256,-0.049,0.000
82950,3.249,-0.049,0.000
82973,3.250,-0.049,0.000
82996,3.257,-0.073,0.000
83019,3.247,-0.073,0.000
83043,3.250,-0.049,0.000
83066,3.235,-0.049,0.000
83089,3.264,-0.049,0.000
83112,3.269,-0.049,0.000
83136,3.236,-0.073,0.000
83159,3.229,-0.049,0.000
83182,3.256,-0.049,0.000
83205,3.215,-0.049,0.000
83229,3.260,-0.073,0.000
83252,3.275,-0.073,0.000
83275,3.277,-0.049,0.000
83298,3.254,-0.049,0.000
83321,3.235,-0.073,0.000
83345,3.251,-0.049,0.000
83368,3.256,-0.049,0.000
83391,3.251,-0.049,0.000
83414,3.250,-0.049,0.000
83437,3.236,-0.073,0.000
83460,3.233,-0.049,0.000
83483,3.247,-0.049,0.000
83506,3.229,-0.049,0.000
83529,3.247,-0.073,0.000
83553,3.251,-0.049,0.000
83576,3.277,-0.049,0.000
83599,3.255,-0.049,0.000
83622,3.251,-0.049,0.000
83646,3.259,-0.073,0.000
83669,3.264,-0.049,0.000
83692,3.266,-0.049,0.000
83715,3.250,-0.073,0.000
83739,3.265,-0.049,0.000
83762,3.256,-0.049,0.000
83785,3.265,-0.049,0.000
83808,3.270,-0.049,0.000
83831,3.273,-0.073,0.000
83855,3.274,-0.073,0.000
83878,3.263,-0.049,0.000
83901,3.254,-0.073,0.000
83924,3.247,-0.073,0.000
83947,3.253,-0.049,0.000
83971,3.267,-0.049,0.000
83994,3.259,-0.049,0.000
84017,3.261,-0.073,0.000
84040,3.276,-0.049,0.000
84064,3.261,-0.073,0.000
84087,3.257,-0.049,0.000
84110,3.261,-0.049,0.000
84133,3.256,-0.049,0.000
84157,3.264,-0.073,0.000
84180,3.256,-0.073,0.000
84203,3.259,-0.073,0.000
84226,3.264,-0.049,0.000
84251,3.264,-0.073,0.000
84274,3.257,-0.049,0.000
84297,3.259,-0.073,0.000
84320,3.259,-0.073,0.000
84343,3.276,-0.049,0.000
84367,3.247,-0.049,0.000
84390,3.269,-0.049,0.000
84413,3.269,-0.073,0.000
84436,3.270,-0.049,0.000
84461,3.251,-0.049,0.000
84484,3.270,-0.049,0.000
84507,3.264,-0.049,0.000
84530,3.259,-0.049,0.000
84553,3.269,-0.049,0.000
84577,3.275,-0.049,0.000
84600,3.267,-0.049,0.000
84623,3.273,-0.049,0.000
84646,3.330,-0.049,0.000
84670,3.329,-0.073,0.000
84693,3.306,-0.049,0.000
84716,3.295,-0.049,0.000
84739,3.303,-0.049,0.000
84763,3.291,-0.073,0.000
84786,3.286,-0.073,0.000
84809,3.284,-0.049,0.000
84832,3.279,-0.049,0.000
84855,3.286,-0.024,0.000
84879,3.296,-0.049,0.000
84902,3.303,-0.073,0.000
84925,3.291,-0.049,0.000
84948,3.283,-0.049,0.000
84973,3.294,-0.049,0.000
84996,3.294,-0.049,0.000
85019,3.290,-0.049,0.000
85042,3.289,-0.049,0.000
85065,3.309,-0.049,0.000
85089,3.314,-0.073,0.000
85112,3.315,-0.073,0.000
85135,3.319,-0.073,0.000
85158,3.312,-0.073,0.000
85182,3.309,-0.073,0.000
85205,3.307,-0.049,0.000
85228,3.310,-0.073,0.000
85251,3.305,-0.049,0.000
85275,2.743,28.711,77.515
85298,2.744,28.589,78.125
85321,2.770,28.491,78.735
85344,2.744,28.662,78.735
85367,2.754,28.711,79.346
85391,2.755,28.564,78.735
85414,2.750,28.687,78.735
85437,2.763,28.857,79.346
85460,2.770,28.125,78.125
85483,2.763,29.004,79.956
85506,2.940,23.364,67.139
85529,3.216,6.445,20.752
85552,3.321,-0.049,0.000
85575,3.328,-0.073,0.000
85599,3.324,-0.073,0.000
85622,3.319,-0.073,0.000
85645,3.321,-0.073,0.000
85668,3.322,-0.049,0.000
85693,3.319,-0.073,0.000
85716,3.320,-0.073,0.000
85739,3.318,-0.049,0.000
85762,3.314,-0.073,0.000
85787,3.318,-0.049,0.000
85810,3.320,-0.049,0.000
85833,3.329,-0.073,0.000
85856,3.322,-0.073,0.000
85879,3.319,-0.073,0.000
85903,3.311,-0.073,0.000
85926,3.316,-0.073,0.000
85949,3.316,-0.073,0.000
85972,3.319,-0.073,0.000
85995,3.318,-0.073,0.000
86018,3.318,-0.073,0.000
86041,3.319,-0.073,0.000
86064,3.322,-0.073,0.000
86087,3.316,-0.073,0.000
86111,3.321,-0.073,0.000
86134,3.316,-0.073,0.000
86157,3.324,-0.049,0.000
86180,3.319,-0.049,0.000
86205,3.319,-0.073,0.000
86228,3.319,-0.049,0.000
86251,3.314,-0.073,0.000
86274,3.315,-0.073,0.000
86299,3.320,-0.073,0.000
86322,3.320,-0.073,0.000
86345,3.319,-0.049,0.000
86368,3.320,-0.049,0.000
86391,3.311,-0.073,0.000
86415,3.312,-0.049,0.000
86438,3.306,-0.073,0.000
86461,3.319,-0.049,0.000
86484,3.304,-0.073,0.000
86507,3.304,-0.073,0.000
86530,3.312,-0.049,0.000
86553,3.296,-0.098,0.000
86576,3.325,-0.073,0.000
86599,3.304,-0.073,0.000
86623,3.286,-0.073,0.000
86646,3.158,-0.073,0.000
86669,3.350,-0.049,0.000
86692,3.328,-0.073,0.000
86717,3.322,-0.073,0.000
86740,3.324,-0.049,0.000
86763,3.318,-0.073,0.000
86786,3.315,-0.098,0.000
86810,3.314,-0.073,0.000
86833,3.312,-0.073,0.000
86856,3.316,-0.073,0.000
86879,3.316,-0.049,0.000
86902,3.304,-0.073,0.000
86926,3.299,-0.073,0.000
86949,3.295,-0.073,0.000
86972,3.299,-0.073,0.000
86995,3.295,-0.073,0.000
87018,3.286,-0.098,0.000
87041,3.285,-0.073,0.000
87064,3.296,-0.073,0.000
87087,3.284,-0.073,0.000
87110,3.290,-0.073,0.000
87134,3.285,-0.073,0.000
87157,3.267,-0.049,0.000
87180,3.291,-0.073,0.000
87203,3.287,-0.049,0.000
87228,3.279,-0.049,0.000
87251,3.319,-0.073,0.000
87274,3.291,-0.073,0.000
87297,3.300,-0.049,0.000
87320,3.301,-0.098,0.000
87344,3.273,-0.073,0.000
87367,3.287,-0.073,0.000
87390,3.285,-0.073,0.000
87413,3.279,-0.073,0.000
87437,3.281,-0.049,0.000
87460,3.280,-0.049,0.000
87483,3.266,-0.073,0.000
87506,3.279,-0.073,0.000
87530,3.259,-0.073,0.000
87553,3.289,-0.073,0.000
87576,3.303,-0.073,0.000
87599,3.270,-0.073,0.000
87622,3.289,-0.073,0.000
87646,3.233,-0.049,0.000
87669,3.166,-0.073,0.000
87692,3.273,-0.049,0.000
87715,3.261,-0.073,0.000
87740,3.295,-0.049,0.000
87763,3.293,-0.073,0.000
87786,3.289,-0.073,0.000
87809,3.294,-0.049,0.000
87832,3.256,-0.073,0.000
87856,3.285,-0.049,0.000
87879,3.271,-0.049,0.000
87902,3.284,-0.049,0.000
87925,3.286,-0.049,0.000
87949,3.304,-0.049,0.000
87972,3.305,-0.049,0.000
87995,3.307,-0.024,0.000
88018,3.291,-0.024,0.000
88042,3.291,-0.024,0.000
88065,3.300,-0.024,0.000
88088,3.289,-0.024,0.000
88111,3.301,0.000,0.000
88134,3.254,0.024,0.000
88158,3.344,0.000,0.000
88181,3.346,0.000,0.000
88204,3.326,0.000,0.000
88227,3.321,-0.024,0.000
88250,3.321,-0.024,0.000
88273,3.316,-0.024,0.000
88296,3.314,-0.024,0.000
88319,3.312,0.000,0.000
88342,3.319,0.000,0.000
88366,3.309,0.024,0.000
88389,3.306,0.024,0.000
88412,3.299,0.000,0.000
88435,3.283,0.000,0.000
88459,3.301,0.024,0.000
88482,3.295,0.024,0.000
88505,3.299,0.049,0.000
88528,3.254,0.024,0.000
88552,3.214,0.049,0.000
88575,3.056,0.049,0.000
88598,3.126,0.049,0.000
88621,3.125,0.049,0.000
88644,3.125,0.073,0.000
88668,3.115,0.073,0.000
88691,3.120,0.073,0.000
88714,3.120,0.122,0.000
88737,3.116,0.122,0.000
88762,3.033,4.419,13.428
88785,2.906,7.178,21.362
88808,3.033,4.956,15.259
88831,2.568,29.419,75.684
88854,2.571,29.028,74.463
88878,2.565,29.053,74.463
88901,2.560,29.346,75.073
88924,2.561,28.809,73.853
88947,2.803,28.711,81.787
88971,2.759,29.224,80.566
88994,2.769,29.199,81.177
89017,2.766,29.224,81.177
89040,2.740,24.609,68.970
89064,3.196,6.567,20.752
89087,3.300,0.098,0.000
89110,3.299,0.098,0.000
89133,3.293,0.073,0.000
89156,3.286,0.073,0.000
89180,3.296,0.098,0.000
89203,3.290,0.073,0.000
89226,3.295,0.098,0.000
89249,3.287,0.073,0.000
89274,3.256,0.073,0.000
89297,3.293,0.073,0.000
89320,3.286,0.049,0.000
89343,3.301,0.073,0.000
89366,3.289,0.049,0.000
89390,3.296,0.024,0.000
89413,3.291,-0.024,0.000
89436,3.284,-0.073,0.000
89459,3.250,-0.073,0.000
89483,3.305,-0.073,0.000
89506,3.250,-0.073,0.000
89529,3.283,-0.049,0.000
89552,3.255,-0.073,0.000
89576,3.206,-0.073,0.000
89600,3.089,-0.073,0.000
89623,3.078,-0.049,0.000
89646,3.066,-0.073,0.000
89669,3.092,-0.073,0.000
89693,3.090,-0.049,0.000
89716,3.095,-0.073,0.000
89739,3.096,-0.073,0.000
89762,3.102,-0.073,0.000
89787,3.150,-0.073,0.000
89810,3.095,-0.073,0.000
89833,3.306,-0.073,0.000
89856,3.321,-0.073,0.000
89879,3.205,-0.073,0.000
89903,3.076,-0.049,0.000
89926,3.156,-0.073,0.000
89949,2.925,-0.073,0.000
89972,2.993,-0.073,0.000
89996,3.283,-0.073,0.000
90019,3.161,-0.073,0.000
90042,3.055,-0.073,0.000
90065,3.089,-0.073,0.000
90090,3.165,-0.073,0.000
90113,3.434,-0.073,0.000
90136,3.330,-0.049,0.000
90159,3.044,-0.073,0.000
90182,3.253,-0.098,0.000
90206,3.370,-0.073,0.000
90229,3.227,-0.073,0.000
90252,3.303,-0.049,0.000
90275,3.380,-0.073,0.000
90300,3.276,-0.073,0.000
90323,3.109,-0.049,0.000
90346,2.915,-0.073,0.000
90369,3.034,-0.049,0.000
90392,3.100,-0.049,0.000
90416,3.005,-0.073,0.000
90439,3.034,-0.073,0.000
90462,2.964,-0.073,0.000
90485,3.041,-0.073,0.000
90509,3.374,-0.073,0.000
90532,2.932,-0.049,0.000
90555,3.161,-0.098,0.000
90578,3.009,-0.073,0.000
90602,3.138,-0.073,0.000
90626,3.376,-0.073,0.000
90649,3.283,-0.073,0.000
90672,3.236,-0.073,0.000
90695,3.054,-0.073,0.000
90719,3.279,-0.073,0.000
90742,3.385,-0.073,0.000
90765,3.395,-0.073,0.000
90788,3.254,-0.049,0.000
90813,3.396,-0.073,0.000
90836,3.304,-0.098,0.000
90859,3.371,-0.049,0.000
90882,3.246,-0.073,0.000
90907,3.247,-0.073,0.000
90930,3.399,-0.073,0.000
90953,3.270,-0.073,0.000
90976,3.339,-0.073,0.000
90999,3.250,-0.073,0.000
91023,3.312,-0.049,0.000
91046,3.380,-0.073,0.000
91069,3.231,-0.073,0.000
91092,3.265,-0.073,0.000
91117,3.270,-0.049,0.000
