Executing action: monitor
Serial port /dev/ttyUSB0
Connecting....
Detecting chip type... ESP32
Running idf_monitor in directory /home/sabinho/github/power_profiller
Executing "/home/sabinho/.espressif/python_env/idf5.5_py3.14_env/bin/python /home/sabinho/esp/esp-idf/tools/idf_monitor.py -p /dev/ttyUSB0 -b 115200 --toolchain-prefix xtensa-esp32-elf- --target esp32 --revision 0 /home/sabinho/github/power_profiller/build/power_profiller.elf /home/sabinho/github/power_profiller/build/bootloader/bootloader.elf -m '/home/sabinho/.espressif/python_env/idf5.5_py3.14_env/bin/python' '/home/sabinho/esp/esp-idf/tools/idf.py'"...
ets Jul 29 2019 12:21:46

rst:0x1 (POWERON_RESET),boot:0x13 (SPI_FAST_FLASH_BOOT)
configsip: 0, SPIWP:0xee
clk_drv:0x00,q_drv:0x00,d_drv:0x00,cs0_drv:0x00,hd_drv:0x00,wp_drv:0x00
mode:DIO, clock div:2
load:0x3fff0030,len:6380
ho 0 tail 12 room 4
load:0x40078000,len:15916
load:0x40080400,len:3860
entry 0x40080638
[0;32mI (29) boot: ESP-IDF v5.5 2nd stage bootloader[0m
[0;32mI (29) boot: compile time Jun 25 2026 22:12:55[0m
[0;32mI (29) boot: Multicore bootloader[0m
[0;32mI (30) boot: chip revision: v3.0[0m
[0;32mI (33) boot.esp32: SPI Speed      : 40MHz[0m
[0;32mI (37) boot.esp32: SPI Mode       : DIO[0m
[0;32mI (40) boot.esp32: SPI Flash Size : 2MB[0m
[0;32mI (44) boot: Enabling RNG early entropy source...[0m
[0;32mI (49) boot: Partition Table:[0m
[0;32mI (51) boot: ## Label            Usage          Type ST Offset   Length[0m
[0;32mI (57) boot:  0 nvs              WiFi data        01 02 00009000 00006000[0m
[0;32mI (64) boot:  1 phy_init         RF data          01 01 0000f000 00001000[0m
[0;32mI (71) boot:  2 factory          factory app      00 00 00010000 00100000[0m
[0;32mI (77) boot: End of partition table[0m
[0;32mI (80) esp_image: segment 0: paddr=00010020 vaddr=3f400020 size=1e8cch (125132) map[0m
[0;32mI (131) esp_image: segment 1: paddr=0002e8f4 vaddr=3ff80000 size=00020h (    32) load[0m
[0;32mI (131) esp_image: segment 2: paddr=0002e91c vaddr=3ffb0000 size=016fch (  5884) load[0m
[0;32mI (137) esp_image: segment 3: paddr=00030020 vaddr=400d0020 size=93548h (603464) map[0m
[0;32mI (348) esp_image: segment 4: paddr=000c3570 vaddr=3ffb16fc size=0282ch ( 10284) load[0m
[0;32mI (352) esp_image: segment 5: paddr=000c5da4 vaddr=40080000 size=19480h (103552) load[0m
[0;32mI (405) boot: Loaded app from partition at offset 0x10000[0m
[0;32mI (405) boot: Disabling RNG early entropy source...[0m
[0;32mI (415) cpu_start: Multicore app[0m
[0;32mI (424) cpu_start: Pro cpu start user code[0m
[0;32mI (424) cpu_start: cpu freq: 160000000 Hz[0m
[0;32mI (424) app_init: Application information:[0m
[0;32mI (424) app_init: Project name:     power_profiller[0m
[0;32mI (429) app_init: App version:      cf67354[0m
[0;32mI (432) app_init: Compile time:     Jun 30 2026 14:12:24[0m
[0;32mI (438) app_init: ELF file SHA256:  858009c89...[0m
[0;32mI (442) app_init: ESP-IDF:          v5.5[0m
[0;32mI (446) efuse_init: Min chip rev:     v0.0[0m
[0;32mI (449) efuse_init: Max chip rev:     v3.99 [0m
[0;32mI (453) efuse_init: Chip rev:         v3.0[0m
[0;32mI (457) heap_init: Initializing. RAM available for dynamic allocation:[0m
[0;32mI (464) heap_init: At 3FFAE6E0 len 00001920 (6 KiB): DRAM[0m
[0;32mI (469) heap_init: At 3FFB9318 len 00026CE8 (155 KiB): DRAM[0m
[0;32mI (474) heap_init: At 3FFE0440 len 00003AE0 (14 KiB): D/IRAM[0m
[0;32mI (479) heap_init: At 3FFE4350 len 0001BCB0 (111 KiB): D/IRAM[0m
[0;32mI (485) heap_init: At 40099480 len 00006B80 (26 KiB): IRAM[0m
[0;32mI (492) spi_flash: detected chip: generic[0m
[0;32mI (494) spi_flash: flash io: dio[0m
[0;33mW (497) spi_flash: Detected size(4096k) larger than the size in the binary image header(2048k). Using the size in the binary image header.[0m
[0;33mW (509) i2c: This driver is an old driver, please migrate your application code to adapt `driver/i2c_master.h`[0m
[0;32mI (519) main_task: Started on CPU0[0m
[0;32mI (522) main_task: Calling app_main()[0m
[0;32mI (524) profiler: Power profiler v2 — WiFi + web dashboard[0m
[0;32mI (558) wifi:wifi driver task: 3ffc15b8, prio:23, stack:6656, core=0[0m
[0;32mI (573) wifi:wifi firmware version: f3dbad7[0m
[0;32mI (573) wifi:wifi certification version: v7.0[0m
[0;32mI (573) wifi:config NVS flash: enabled[0m
[0;32mI (574) wifi:config nano formatting: disabled[0m
[0;32mI (578) wifi:Init data frame dynamic rx buffer num: 32[0m
[0;32mI (583) wifi:Init static rx mgmt buffer num: 5[0m
[0;32mI (587) wifi:Init management short buffer num: 32[0m
[0;32mI (591) wifi:Init dynamic tx buffer num: 32[0m
[0;32mI (595) wifi:Init static rx buffer size: 1600[0m
[0;32mI (599) wifi:Init static rx buffer num: 10[0m
[0;32mI (603) wifi:Init dynamic rx buffer num: 32[0m
[0;32mI (608) wifi_init: rx ba win: 6[0m
[0;32mI (610) wifi_init: accept mbox: 6[0m
[0;32mI (613) wifi_init: tcpip mbox: 32[0m
[0;32mI (616) wifi_init: udp mbox: 6[0m
[0;32mI (618) wifi_init: tcp mbox: 6[0m
[0;32mI (621) wifi_init: tcp tx win: 5760[0m
[0;32mI (624) wifi_init: tcp rx win: 5760[0m
[0;32mI (628) wifi_init: tcp mss: 1440[0m
[0;32mI (631) wifi_init: WiFi IRAM OP enabled[0m
[0;32mI (634) wifi_init: WiFi RX IRAM OP enabled[0m
[0;33mW (639) wifi:Password length matches WPA2 standards, authmode threshold changes from OPEN to WPA2[0m
[0;32mI (647) phy_init: phy_version 4860,6b7a6e5,Feb  6 2025,14:47:07[0m
[0;32mI (728) wifi:mode : sta (40:22:d8:eb:21:c4)[0m
[0;32mI (729) wifi:enable tsf[0m
[0;32mI (788) wifi:new:<6,0>, old:<1,0>, ap:<255,255>, sta:<6,0>, prof:1, snd_ch_cfg:0x0[0m
[0;32mI (789) wifi:state: init -> auth (0xb0)[0m
[0;32mI (1791) wifi:state: auth -> init (0x200)[0m
[0;32mI (1795) wifi:new:<6,0>, old:<6,0>, ap:<255,255>, sta:<6,0>, prof:1, snd_ch_cfg:0x0[0m
[0;33mW (1797) profiler: WiFi disconnected, reconnecting...[0m
[0;33mW (4212) profiler: WiFi disconnected, reconnecting...[0m
[0;32mI (4269) wifi:new:<6,0>, old:<6,0>, ap:<255,255>, sta:<6,0>, prof:1, snd_ch_cfg:0x0[0m
[0;32mI (4270) wifi:state: init -> auth (0xb0)[0m
[0;32mI (4280) wifi:state: auth -> assoc (0x0)[0m
[0;32mI (4307) wifi:state: assoc -> run (0x10)[0m
[0;32mI (4342) wifi:connected with Stella, aid = 7, channel 6, BW20, bssid = 30:96:10:88:01:0c[0m
[0;32mI (4342) wifi:security: WPA2-PSK, phy: bgn, rssi: -87[0m
[0;32mI (4347) wifi:pm start, type: 1[0m

[0;32mI (4347) wifi:dp: 1, bi: 102400, li: 3, scale listen interval from 307200 us to 307200 us[0m
[0;32mI (4573) wifi:AP's beacon interval = 102400 us, DTIM period = 1[0m
[0;32mI (5970) esp_netif_handlers: sta ip: 192.168.5.106, mask: 255.255.255.0, gw: 192.168.5.1[0m
[0;32mI (5971) profiler: WiFi connected — IP: 192.168.5.106[0m
[0;32mI (5973) profiler: WiFi ready[0m
[0;32mI (5979) profiler: HTTP server started on port 80[0m
[0;32mI (5980) profiler: I2C bus scan:[0m
[0;32mI (5998) profiler:   Device found at 0x44[0m
[0;32mI (6014) profiler: I2C scan complete[0m
[1;31mE (6015) ina226_bsp: Failed to write config register: ESP_FAIL[0m
[1;31mE (6016) ina226_bsp: Failed to write config register: ESP_FAIL[0m
[0;32mI (6019) ina226_bsp: Initialized at 0x44, shunt=0.100 Ω, I_LSB=24.414 µA, CAL=2097[0m
[0;32mI (6027) ina226_bsp: Device verified: MFG=0x5449 DIE=0x2260[0m
[0;32mI (6031) profiler: INA226 ready at 0x44[0m
timestamp_ms,voltage_v,current_ma,power_mw
5519,2.875,27.295,78.735
5543,2.875,27.344,78.735
5566,2.871,27.466,78.735
5589,2.861,27.832,79.956
5614,2.852,28.198,80.566
5637,2.849,28.345,81.177
5660,2.846,28.491,81.177
5683,2.851,28.271,80.566
5706,2.858,27.979,79.956
5730,2.866,27.661,78.735
5753,2.865,27.759,79.346
5776,2.879,27.197,78.125
5799,2.895,26.538,76.904
5823,2.896,26.587,76.294
5846,2.895,26.587,76.904
5869,2.886,26.807,76.904
5892,2.845,28.345,81.177
5916,2.815,29.565,83.008
5939,2.805,29.810,84.229
5962,2.801,29.956,84.229
5985,2.799,30.054,84.229
6008,2.799,30.005,84.229
6032,2.799,30.127,84.229
6058,2.796,30.127,84.229
6081,2.795,30.127,84.229
6104,2.794,30.151,84.229
6127,2.796,30.103,84.229
6150,2.797,30.127,84.229
6173,2.794,30.127,84.229
6196,2.796,30.054,84.229
6220,2.794,30.127,84.229
6243,2.795,30.078,84.229
6266,2.795,30.176,84.229
6289,2.791,30.127,84.229
6312,2.793,30.103,84.229
6336,2.793,30.103,84.229
6359,2.793,30.078,84.229
6382,2.794,30.005,84.229
6405,2.794,30.029,84.229
6428,2.793,29.980,84.229
6451,2.794,30.005,84.229
6474,2.794,30.005,84.229
6497,2.795,30.029,84.229
6520,2.789,30.151,84.229
6544,2.793,30.029,84.229
6567,2.791,30.029,84.229
6590,2.793,30.054,84.229
6613,2.793,30.029,84.229
6636,2.793,30.005,84.229
6659,2.791,30.078,84.229
6682,2.791,30.005,84.229
6705,2.791,30.005,84.229
6728,2.793,29.980,84.229
6751,2.795,29.956,84.229
6774,2.794,29.980,84.229
6797,2.795,29.907,84.229
6820,2.795,29.907,83.618
6845,2.795,29.883,83.618
6868,2.801,29.712,83.008
6891,2.804,29.688,83.008
6914,2.804,29.590,83.008
6938,2.806,29.517,83.008
6961,2.810,29.395,83.008
6984,2.812,29.395,83.008
7007,2.816,29.297,82.397
7030,2.818,29.272,82.397
7053,2.821,29.199,81.787
7078,2.818,29.248,82.397
7101,2.818,29.272,82.397
7124,2.819,29.224,82.397
7148,2.821,29.224,82.397
7173,2.826,29.199,82.397
7196,2.822,29.272,82.397
7219,2.821,29.321,83.008
7242,2.821,29.248,82.397
7266,2.824,29.175,81.787
7289,2.821,29.224,82.397
7312,2.825,29.102,81.787
7335,2.829,29.028,81.787
7359,2.828,29.077,81.787
7382,2.830,29.053,81.787
7405,2.829,29.004,81.787
7428,2.829,29.004,81.787
7452,2.828,29.053,81.787
7475,2.829,29.102,82.397
7498,2.829,28.955,81.787
7521,2.825,29.102,81.787
7544,2.828,29.126,82.397
7568,2.822,29.175,82.397
7591,2.834,28.809,81.787
7614,2.829,28.955,81.787
7637,2.836,28.711,81.787
7660,2.842,28.345,80.566
7683,2.839,27.930,78.735
7706,2.807,28.223,79.346
7729,2.785,28.296,78.735
7752,2.851,27.881,79.346
7776,2.848,27.588,78.125
7799,2.744,27.637,75.684
7822,2.703,27.832,75.684
7845,2.770,27.856,78.735
7869,2.699,27.417,74.463
7892,2.804,27.002,76.294
7915,2.719,27.124,73.853
7938,2.691,26.880,75.073
7962,2.832,27.026,76.294
7985,2.786,26.465,73.853
8008,2.889,26.196,76.294
8031,2.793,26.758,75.073
8054,2.879,27.100,78.125
8079,2.862,27.588,78.735
8102,2.766,27.344,75.684
8125,2.784,27.515,76.904
8148,2.825,27.490,77.515
8171,2.822,27.832,78.125
8194,2.819,28.076,78.735
8217,2.815,27.856,78.125
8240,2.815,27.832,78.125
8263,2.818,27.490,76.904
8287,2.801,27.856,78.125
8310,2.810,27.832,78.125
8333,2.803,28.247,78.125
8356,2.811,27.734,78.125
8380,2.864,27.832,79.956
8403,2.870,27.637,78.735
8426,2.869,27.661,79.346
8449,2.870,27.710,79.346
8473,2.870,27.734,79.956
8496,2.866,27.832,79.956
8519,2.866,28.003,79.956
8542,2.865,28.076,80.566
8565,2.864,28.174,81.177
8589,2.864,28.174,81.177
8612,2.864,28.394,81.787
8635,2.862,28.345,81.177
8658,2.854,28.540,81.177
8681,2.859,28.760,81.787
8704,2.852,28.638,81.787
8727,2.862,28.296,81.177
8750,2.855,28.564,81.787
8773,2.856,28.394,81.177
8797,2.855,28.540,81.787
8820,2.855,28.418,81.177
8843,2.856,28.467,81.177
8866,2.855,28.540,81.787
8891,2.854,28.540,81.177
8914,2.854,28.613,81.787
8937,2.850,28.638,81.787
8960,2.850,28.638,81.787
8983,2.849,28.662,81.787
9007,2.845,28.760,81.787
9030,2.846,28.711,81.787
9053,2.842,28.760,81.787
9076,2.842,28.784,81.787
9100,2.840,28.833,81.787
9123,2.841,28.711,81.787
9146,2.838,28.687,81.787
9169,2.834,28.809,81.787
9193,2.831,28.833,81.787
9217,2.828,28.833,81.787
9240,2.824,28.931,81.787
9263,2.820,29.004,81.787
9286,2.816,29.077,81.787
9310,2.818,28.955,81.787
9333,2.811,29.126,81.787
9356,2.809,29.077,81.787
9379,2.799,29.248,81.787
9404,2.801,29.004,81.177
9427,2.785,29.053,81.177
9450,2.775,29.004,79.956
9473,2.774,28.857,79.956
9497,2.769,28.955,79.956
9520,2.773,28.833,79.956
9543,2.777,28.857,79.956
9566,2.710,28.052,76.294
9589,2.731,28.662,78.125
9612,2.705,28.687,77.515
9635,2.676,29.297,79.346
9658,2.744,29.468,81.177
9681,2.701,29.028,78.735
9704,2.735,29.028,79.346
9727,2.746,29.224,79.956
9750,2.741,29.443,81.177
9773,2.765,29.907,83.008
9796,2.766,29.932,83.008
9819,2.765,29.980,83.008
9842,2.756,30.225,83.008
9865,2.756,30.200,83.008
9888,2.757,30.176,83.008
9911,2.756,30.176,83.008
9934,2.754,30.322,83.618
9957,2.757,30.176,83.008
9980,2.756,30.225,83.008
10003,2.761,30.200,83.008
10027,2.759,30.225,83.008
10050,2.760,30.200,83.008
10073,2.763,30.054,83.008
10096,2.760,30.127,83.008
10121,2.767,29.932,83.008
10144,2.764,29.956,83.008
10167,2.764,29.980,83.008
10190,2.763,29.907,83.008
10214,2.760,30.005,83.008
10237,2.757,30.078,83.008
10260,2.754,30.127,83.008
10283,2.753,30.127,83.008
10306,2.756,30.127,83.008
10329,2.751,30.200,83.008
10352,2.754,30.151,83.008
10375,2.755,30.103,83.008
10398,2.755,30.103,83.008
10421,2.755,30.103,83.008
10444,2.760,30.127,83.008
10467,2.757,30.054,83.008
10490,2.755,30.127,83.008
10513,2.755,30.078,83.008
10536,2.759,30.029,83.008
10559,2.759,30.078,83.008
10582,2.754,30.078,83.008
10605,2.750,30.127,83.008
10628,2.750,30.103,83.008
10651,2.749,30.054,83.008
10674,2.736,30.200,83.008
10697,2.726,30.127,81.787
10720,2.724,30.029,81.787
10743,2.724,30.029,81.787
10766,2.729,30.029,81.787
10789,2.739,30.054,81.787
10812,2.737,30.176,83.008
10835,2.740,30.176,83.008
10858,2.739,30.200,83.008
10881,2.741,30.200,83.008
10904,2.741,30.298,83.008
10927,2.743,30.347,83.008
10950,2.737,30.493,83.008
10973,2.733,30.347,83.008
10996,2.684,29.590,79.346
11019,2.696,29.810,79.956
11042,2.699,29.932,81.177
11065,2.705,29.883,81.177
11088,2.707,29.980,81.177
11111,2.715,29.980,81.177
11134,2.710,30.005,81.177
11158,2.705,29.980,81.177
11181,2.707,30.005,81.177
11204,2.711,30.054,81.177
11227,2.723,29.907,81.177
11250,2.754,28.931,79.956
11273,2.771,28.320,78.125
11296,2.785,27.930,78.125
11319,2.786,28.003,78.125
11342,2.787,27.808,77.515
11365,2.793,27.832,78.125
11388,2.791,27.563,77.515
11411,2.797,27.515,76.904
11434,2.797,27.637,77.515
11457,2.797,27.563,77.515
11480,2.807,27.734,77.515
11503,2.805,27.612,77.515
11526,2.807,27.661,78.125
11549,2.803,27.563,77.515
11572,2.812,27.783,78.125
11595,2.804,27.783,78.125
11618,2.805,27.930,78.735
11641,2.800,28.076,78.735
11665,2.793,28.149,78.735
11688,2.789,28.345,78.735
11711,2.786,28.467,78.735
11734,2.774,28.857,79.956
11757,2.771,29.004,79.956
11780,2.769,29.077,79.956
11803,2.765,29.150,81.177
11826,2.763,29.321,81.177
11849,2.757,29.443,81.177
11872,2.754,29.541,81.177
11895,2.750,29.688,81.787
11918,2.746,29.834,81.787
11941,2.744,29.956,81.787
11965,2.740,30.078,82.397
11988,2.737,30.249,83.008
12011,2.734,30.322,83.008
12034,2.734,30.396,83.008
12058,2.734,30.444,83.008
12081,2.733,30.444,83.008
12104,2.733,30.518,83.008
12127,2.731,30.591,83.618
12150,2.729,30.664,84.229
12174,2.730,30.664,84.229
12197,2.730,30.737,84.229
12220,2.735,30.737,84.229
12243,2.740,30.786,84.229
12266,2.739,30.859,84.839
12289,2.741,30.933,84.839
12312,2.739,30.981,84.839
12335,2.740,30.981,84.839
12358,2.739,31.030,84.839
12381,2.740,31.079,84.839
12404,2.739,31.104,84.839
12427,2.745,31.152,85.449
12450,2.744,31.152,84.839
12473,2.744,31.152,85.449
12496,2.745,31.152,85.449
12519,2.745,31.226,86.060
12542,2.746,31.226,86.060
12565,2.756,31.299,86.060
12588,2.753,31.250,86.060
12611,2.754,31.250,86.060
12634,2.760,31.274,86.060
12657,2.759,31.274,86.060
12680,2.757,31.274,86.060
12703,2.761,31.250,86.060
12726,2.760,31.250,86.060
12749,2.760,31.250,86.060
12772,2.761,31.250,86.060
12795,2.763,31.250,86.060
12818,2.764,31.250,86.060
12841,2.765,31.226,86.060
12864,2.764,31.250,86.060
12887,2.764,31.299,86.060
12910,2.764,31.323,87.280
12933,2.765,31.274,86.670
12956,2.765,31.274,86.670
12979,2.766,31.274,86.670
13002,2.767,31.274,87.280
13025,2.767,31.274,86.670
13048,2.769,31.250,87.280
13071,2.769,31.226,86.670
13094,2.769,31.152,86.060
13117,2.770,31.128,86.060
13140,2.770,31.104,86.060
13163,2.774,31.079,86.060
13186,2.775,31.079,86.060
13209,2.779,31.030,86.060
13232,2.783,30.933,86.060
13255,2.785,30.884,86.060
13278,2.785,30.835,86.060
13301,2.787,30.762,86.060
13324,2.790,30.762,86.060
13347,2.790,30.737,86.060
13370,2.790,30.737,86.060
13393,2.791,30.762,86.060
13416,2.793,30.664,86.060
13439,2.795,30.591,85.449
13462,2.796,30.518,85.449
13485,2.799,30.469,84.839
13508,2.799,30.420,84.839
13531,2.797,30.444,84.839
13554,2.799,30.444,84.839
13577,2.797,30.322,84.839
13600,2.797,30.322,84.839
13623,2.785,30.493,84.839
13646,2.789,30.566,84.839
13669,2.786,30.444,84.839
13692,2.786,30.518,84.839
13715,2.786,30.420,84.839
13738,2.783,30.371,84.839
13761,2.786,30.444,84.839
13784,2.781,30.273,84.839
13807,2.781,30.249,84.229
13830,2.779,30.176,84.229
13853,2.775,30.176,84.229
13876,2.777,30.249,84.229
13899,2.777,30.225,84.229
13922,2.781,30.249,84.229
13945,2.741,29.370,80.566
13968,2.795,30.420,84.839
13991,2.795,30.493,84.839
14014,2.794,30.322,84.839
14037,2.796,30.444,84.839
14060,2.790,30.298,84.229
14083,2.789,30.273,84.839
14106,2.781,30.151,84.229
14129,2.796,30.322,84.839
14152,2.796,30.371,84.839
14175,2.793,30.249,84.839
14198,2.789,30.029,83.618
14221,2.755,29.468,81.177
14244,2.739,29.199,79.956
14267,2.750,29.370,80.566
14290,2.771,29.395,80.566
14313,2.745,29.248,80.566
14336,2.799,30.347,84.839
14359,2.800,30.371,84.839
14382,2.795,30.249,84.839
14405,2.797,30.347,84.839
14428,2.794,30.249,84.839
14451,2.791,30.176,84.229
14474,2.806,30.444,84.839
14497,2.805,30.371,85.449
14520,2.805,30.371,84.839
14543,2.793,30.176,84.229
14566,2.756,29.395,82.397
14589,2.767,29.346,81.177
14612,2.761,29.297,81.177
14635,2.757,29.102,79.956
14658,2.783,29.883,83.008
14681,2.785,29.834,83.008
14704,2.773,29.297,81.177
14727,2.776,29.468,81.787
14750,2.799,30.054,84.229
14773,2.801,30.054,84.839
14796,2.803,30.029,84.229
14819,2.803,30.054,84.229
14842,2.795,29.907,84.229
14865,2.810,30.151,84.229
14888,2.807,30.151,84.839
14911,2.809,30.103,84.839
14934,2.810,30.103,84.839
14957,2.814,30.200,84.839
14980,2.807,30.200,84.839
15003,2.810,30.249,84.839
15026,2.806,30.127,84.839
15049,2.809,30.127,84.839
15072,2.811,30.225,84.839
15095,2.807,30.151,84.839
15118,2.807,30.176,84.839
15141,2.800,30.005,84.229
15164,2.790,29.883,81.787
15187,2.800,30.127,84.229
15210,2.800,30.029,84.229
15233,2.815,30.249,85.449
15256,2.816,30.298,85.449
15279,2.811,30.273,84.839
15302,2.818,30.298,84.839
15325,2.820,30.273,85.449
15349,2.824,30.420,84.839
15372,2.824,30.420,86.060
15395,2.819,30.298,85.449
15418,2.822,30.396,86.060
15441,2.820,30.298,86.060
15464,2.821,30.371,86.060
15487,2.821,30.225,84.839
15510,2.825,30.347,86.060
15533,2.822,30.298,84.839
15556,2.820,30.347,86.060
15579,2.821,30.249,85.449
15602,2.822,30.176,84.839
15625,2.826,30.322,86.060
15648,2.822,30.298,85.449
15671,2.824,30.347,86.060
15694,2.821,30.249,85.449
15717,2.822,30.200,84.839
15740,2.825,30.298,84.839
15763,2.822,30.127,84.839
15786,2.826,30.200,85.449
15809,2.826,30.249,85.449
15832,2.822,30.078,84.839
15855,2.825,30.176,84.839
15878,2.821,30.078,84.839
15901,2.825,30.127,85.449
15924,2.825,30.127,84.839
15947,2.824,30.151,84.839
15970,2.825,29.956,84.839
15993,2.826,30.078,84.839
16016,2.826,30.005,84.839
16039,2.822,30.029,84.839
16062,2.821,30.054,84.839
16085,2.820,30.054,84.839
16108,2.821,30.151,84.839
16131,2.818,30.005,84.839
16154,2.815,30.005,84.229
16177,2.819,30.103,84.839
16200,2.811,30.005,84.229
16223,2.799,29.810,83.618
16246,2.799,29.712,83.618
16269,2.800,29.761,83.618
16292,2.797,29.736,83.618
16315,2.805,29.932,84.229
16338,2.790,29.468,83.008
16361,2.795,29.614,82.397
16384,2.809,29.956,84.229
16407,2.814,30.005,84.839
16430,2.821,30.176,84.839
16453,2.820,30.151,84.839
16476,2.820,30.151,84.839
16499,2.816,30.054,84.839
16522,2.820,30.127,84.839
16545,2.819,30.054,84.839
16568,2.820,30.151,84.839
16591,2.819,30.151,84.839
16614,2.816,30.029,84.839
16637,2.820,30.127,84.839
16660,2.819,30.078,84.839
16683,2.819,30.151,84.839
16706,2.815,30.054,84.839
16729,2.816,30.103,84.839
16752,2.814,30.103,84.839
16775,2.815,30.127,84.839
16798,2.816,30.225,84.839
16821,2.812,30.176,84.839
16844,2.810,30.200,84.839
16867,2.812,30.225,84.839
16891,2.809,30.103,84.839
16914,2.811,30.103,84.839
16937,2.810,30.078,84.839
16960,2.809,30.054,84.839
16984,2.812,30.176,84.839
17007,2.806,30.054,84.229
17030,2.810,30.151,84.839
17053,2.806,30.103,84.229
17078,2.810,30.151,84.839
17101,2.806,30.054,84.839
17124,2.805,29.980,84.229
17147,2.806,30.005,84.229
17170,2.804,29.980,84.229
17194,2.804,30.078,84.229
17217,2.801,29.980,84.229
17240,2.803,30.029,84.229
17263,2.800,29.907,84.229
17286,2.809,30.054,84.839
17309,2.807,30.054,84.229
17332,2.803,29.980,84.229
17355,2.803,29.980,84.229
17378,2.777,29.541,81.787
17401,2.785,29.639,82.397
17424,2.743,29.468,81.787
17447,2.800,29.883,84.229
17470,2.805,29.858,84.229
17493,2.811,30.005,84.839
17516,2.810,30.005,84.229
17539,2.811,30.054,84.839
17562,2.809,29.956,84.229
17585,2.809,29.907,84.229
17608,2.810,30.029,84.229
17631,2.803,29.834,84.229
17654,2.799,29.858,83.618
17677,2.797,29.761,83.618
17700,2.797,29.736,83.618
17723,2.803,29.834,83.618
17746,2.800,29.712,83.008
17769,2.801,29.810,83.618
17792,2.797,29.810,83.618
17815,2.789,29.639,83.008
17838,2.721,28.418,77.515
17861,2.789,29.590,82.397
17884,2.818,30.054,84.839
17908,2.816,30.029,84.839
17931,2.816,29.956,84.839
17954,2.816,29.956,84.229
17977,2.818,30.005,84.229
18000,2.811,29.980,84.839
18023,2.805,29.834,84.229
18046,2.803,29.712,83.618
18069,2.811,29.907,84.229
18092,2.806,29.858,84.229
18116,2.812,29.834,84.229
18139,2.812,29.810,84.229
18162,2.810,29.883,83.618
18185,2.806,29.834,84.229
18211,2.801,29.761,83.618
18234,2.814,29.834,84.229
18257,2.820,29.834,84.229
18280,2.820,29.639,83.618
18304,2.824,29.492,83.008
18327,2.830,29.492,83.618
18350,2.819,29.517,83.008
18373,2.816,29.810,83.618
18396,2.967,24.805,72.021
18420,3.332,6.616,21.973
18443,3.214,16.504,50.659
18466,3.304,8.130,26.855
18489,3.305,8.130,26.855
18512,3.305,8.130,26.855
18535,3.305,8.057,26.855
18558,3.305,8.057,26.855
18581,3.306,8.057,26.855
18604,3.306,8.008,26.245
18628,3.306,7.959,26.245
18651,3.307,7.935,26.245
18674,2.810,30.176,84.839
18697,2.805,30.029,84.229
18720,2.809,30.200,84.229
18743,2.806,30.176,84.839
18766,2.805,30.176,84.839
18789,2.801,30.151,84.839
18812,2.797,30.151,84.839
18835,2.799,30.273,84.839
18858,2.794,30.249,84.839
18881,2.797,30.371,84.839
18904,2.793,30.249,84.839
18927,2.796,30.396,84.839
18950,2.794,30.371,84.839
18973,2.794,30.444,84.839
18996,2.790,30.347,84.839
19019,2.789,30.420,84.839
19042,2.789,30.444,84.839
19065,2.787,30.591,85.449
19088,2.780,30.615,84.839
19111,2.785,30.542,84.839
19136,2.766,31.177,86.060
19159,2.763,31.323,87.280
19182,2.761,31.348,86.060
19205,2.757,31.372,86.670
19229,2.757,31.348,86.670
19252,2.760,31.348,86.670
19275,2.760,31.372,87.280
19298,2.760,31.348,86.670
19321,2.757,31.299,86.060
19344,2.757,31.201,86.060
19367,2.757,31.128,86.060
19390,2.754,31.128,86.060
19413,2.754,31.177,86.060
19436,2.756,31.201,86.060
19459,2.757,31.152,86.060
19482,2.756,31.128,86.060
19505,2.756,31.128,86.060
19528,2.756,31.152,86.060
19552,2.759,31.128,86.060
19575,2.781,31.348,87.280
19598,2.786,31.372,87.280
19621,2.791,31.323,87.280
19644,2.795,31.226,87.280
19667,2.790,31.372,87.891
19690,2.791,31.396,87.891
19713,2.794,31.372,87.891
19736,2.800,31.445,87.280
19759,2.796,31.348,87.891
19782,2.801,31.445,87.891
19805,2.797,31.299,87.891
19828,2.799,31.348,87.891
19851,2.804,31.348,87.891
19874,2.801,31.177,87.280
19897,2.811,31.177,87.891
19920,2.814,30.884,87.280
19943,2.815,30.737,86.670
19966,2.822,30.713,86.670
19989,2.821,30.591,86.060
20012,2.822,30.566,86.060
20035,2.825,30.786,87.280
20058,2.826,30.762,87.280
20081,2.815,30.518,86.060
20104,2.816,30.640,86.670
20127,2.824,30.566,86.060
20150,2.824,30.420,85.449
20173,2.829,30.469,86.060
20196,3.374,4.590,15.259
20219,3.341,6.372,10.986
20242,3.455,-0.049,0.000
20265,3.455,-0.024,0.000
20288,3.454,-0.024,0.000
20311,3.455,-0.049,0.000
20334,3.455,-0.024,0.000
20357,3.454,-0.024,0.000
20380,3.455,-0.049,0.000
20403,3.455,-0.049,0.000
20426,3.454,-0.049,0.000
20449,3.455,-0.024,0.000
20472,3.454,-0.049,0.000
20495,3.454,-0.024,0.000
20518,3.455,-0.049,0.000
20541,3.455,-0.049,0.000
20564,3.455,-0.024,0.000
20587,3.454,-0.024,0.000
20610,3.455,0.000,0.000
20633,3.454,-0.024,0.000
20656,3.455,-0.024,0.000
20679,3.455,-0.024,0.000
20702,3.454,-0.024,0.000
20725,3.454,-0.024,0.000
20748,3.175,17.456,53.101
20771,3.338,6.567,21.973
20794,3.368,8.057,27.466
20817,3.311,8.105,26.855
20840,3.310,8.130,26.855
20863,3.310,8.130,26.855
20886,3.310,8.130,26.855
20909,3.310,8.130,26.855
20932,3.311,8.154,26.855
20955,3.311,8.105,26.855
20978,3.312,8.008,26.855
21001,3.314,8.008,26.855
21024,3.075,22.559,67.139
21047,3.110,20.483,62.256
21070,3.207,14.282,43.945
21093,2.991,25.415,74.463
21116,3.332,6.982,23.193
21139,2.961,21.997,64.087
21162,2.964,25.928,76.904
21185,3.331,6.934,23.193
21208,3.286,9.375,31.128
21231,3.287,9.375,31.128
21254,3.455,-0.049,0.000
21277,3.455,-0.024,0.000
21300,3.455,-0.024,0.000
21323,3.454,-0.024,0.000
21346,3.455,-0.024,0.000
21369,3.454,-0.024,0.000
21392,3.455,-0.073,0.000
21415,3.455,-0.024,0.000
21438,3.455,-0.024,0.000
21461,3.455,-0.024,0.000
21484,3.455,-0.024,0.000
21507,3.455,-0.049,0.000
21530,3.455,-0.049,0.000
21553,3.455,-0.024,0.000
21576,3.454,-0.049,0.000
21599,3.454,-0.024,0.000
21622,3.454,-0.049,0.000
21645,3.454,-0.024,0.000
21668,3.455,-0.073,0.000
21693,3.455,-0.049,0.000
21716,3.454,-0.049,0.000
21739,3.454,-0.049,0.000
21762,3.455,-0.049,0.000
21786,3.455,-0.049,0.000
21810,3.455,-0.073,0.000
21833,3.455,-0.073,0.000
21856,3.456,-0.049,0.000
21879,3.455,-0.073,0.000
21902,3.455,-0.073,0.000
21925,3.455,-0.073,0.000
21948,3.455,-0.049,0.000
21971,3.455,-0.073,0.000
21994,3.455,-0.049,0.000
22017,3.455,-0.073,0.000
22040,3.455,-0.049,0.000
22063,3.455,-0.073,0.000
22086,3.455,-0.098,0.000
22109,3.455,-0.073,0.000
22132,3.455,-0.049,0.000
22155,3.455,-0.073,0.000
22178,3.455,-0.049,0.000
22201,3.455,-0.073,0.000
22224,3.455,-0.073,0.000
22247,3.455,-0.073,0.000
22270,3.455,-0.073,0.000
22293,3.455,-0.073,0.000
22316,3.455,-0.049,0.000
22339,3.455,-0.049,0.000
22362,3.455,-0.073,0.000
22385,3.455,-0.073,0.000
22408,3.455,-0.073,0.000
22431,3.455,-0.073,0.000
22454,3.455,-0.073,0.000
22477,3.456,-0.098,0.000
22500,3.455,-0.073,0.000
22523,3.455,-0.049,0.000
22546,3.455,-0.049,0.000
22569,3.455,-0.073,0.000
22592,3.455,-0.073,0.000
22615,3.454,-0.073,0.000
22638,3.455,-0.098,0.000
22661,3.454,-0.073,0.000
22684,3.455,-0.049,0.000
22707,3.455,-0.049,0.000
22730,3.455,-0.049,0.000
22753,3.455,-0.073,0.000
22776,3.455,-0.049,0.000
22799,3.455,-0.049,0.000
22823,3.455,-0.049,0.000
22846,3.455,-0.073,0.000
22869,3.455,-0.049,0.000
22892,3.454,-0.049,0.000
22915,3.455,-0.049,0.000
22938,3.456,-0.073,0.000
22961,3.455,-0.073,0.000
22984,3.455,-0.049,0.000
23007,3.456,-0.049,0.000
23030,3.455,-0.073,0.000
23053,3.455,-0.073,0.000
23076,3.455,-0.049,0.000
23099,3.455,-0.049,0.000
23122,3.455,-0.049,0.000
23145,3.455,-0.073,0.000
23168,3.455,-0.049,0.000
23191,3.455,-0.049,0.000
23214,3.455,-0.049,0.000
23238,3.454,-0.049,0.000
23261,3.454,-0.049,0.000
23284,3.455,-0.049,0.000
23307,3.455,-0.049,0.000
23330,3.455,-0.049,0.000
23353,3.455,-0.049,0.000
23376,3.454,-0.049,0.000
23399,3.455,-0.049,0.000
23422,3.455,-0.049,0.000
23445,3.455,-0.073,0.000
23468,3.454,-0.049,0.000
23491,3.455,-0.049,0.000
23514,3.455,-0.049,0.000
23538,3.455,-0.049,0.000
23561,3.454,-0.049,0.000
23584,3.455,-0.049,0.000
23607,3.454,-0.049,0.000
23630,3.455,-0.049,0.000
23653,3.455,-0.049,0.000
23676,3.455,-0.049,0.000
23699,3.455,-0.049,0.000
23722,3.455,-0.049,0.000
23745,3.454,-0.049,0.000
23768,3.455,-0.049,0.000
23791,3.454,-0.049,0.000
23814,3.455,-0.073,0.000
23837,3.454,-0.049,0.000
23860,3.455,-0.049,0.000
23883,3.454,-0.049,0.000
23906,3.455,-0.049,0.000
23929,3.455,-0.049,0.000
23952,3.455,-0.073,0.000
23975,3.455,-0.049,0.000
23998,3.455,-0.073,0.000
24021,3.386,3.857,12.817
24044,3.249,6.470,21.973
24067,3.059,16.382,48.218
24090,3.312,8.057,26.855
24113,3.311,8.032,26.855
24136,3.312,8.032,26.855
24159,3.312,8.008,26.855
24182,3.311,8.008,26.855
24205,3.312,8.008,26.855
24228,3.312,7.983,26.245
24252,3.314,7.935,26.245
24275,3.314,7.935,26.245
24298,2.967,23.633,70.190
24321,3.166,24.829,74.463
24344,3.219,11.011,34.180
24367,2.993,20.630,61.646
24390,3.091,21.338,65.918
24413,3.239,13.037,51.880
24436,3.001,19.312,58.594
24459,3.332,6.909,23.193
24482,3.290,9.277,31.128
24505,3.289,9.277,31.128
24528,3.455,-0.073,0.000
24551,3.454,-0.049,0.000
24574,3.454,-0.049,0.000
24597,3.454,-0.049,0.000
24620,3.455,-0.049,0.000
24643,3.454,-0.073,0.000
24667,3.455,-0.049,0.000
24690,3.455,-0.073,0.000
24713,3.455,-0.073,0.000
24736,3.455,-0.073,0.000
24759,3.455,-0.049,0.000
24782,3.455,-0.073,0.000
24805,3.455,-0.049,0.000
24828,3.455,-0.049,0.000
24851,3.455,-0.049,0.000
24874,3.455,-0.073,0.000
24897,3.455,-0.073,0.000
24920,3.455,-0.073,0.000
24943,3.455,-0.073,0.000
24966,3.455,-0.049,0.000
24989,3.455,-0.073,0.000
25012,3.456,-0.073,0.000
25035,3.456,-0.073,0.000
25058,3.454,-0.073,0.000
25081,3.455,-0.073,0.000
25104,3.455,-0.049,0.000
25127,3.455,-0.049,0.000
25150,3.455,-0.049,0.000
25175,3.455,-0.073,0.000
25198,3.455,-0.073,0.000
25221,3.455,-0.073,0.000
25244,3.455,-0.049,0.000
25268,3.455,-0.049,0.000
25291,3.455,-0.049,0.000
25314,3.456,-0.073,0.000
25337,3.455,-0.073,0.000
25360,3.455,-0.049,0.000
25384,3.455,-0.073,0.000
25407,3.455,-0.073,0.000
25430,3.456,-0.073,0.000
25453,3.455,-0.098,0.000
25476,3.455,-0.073,0.000
25499,3.455,-0.049,0.000
25522,3.455,-0.073,0.000
25545,3.455,-0.049,0.000
25568,3.455,-0.073,0.000
25591,3.455,-0.049,0.000
25614,3.454,-0.073,0.000
25637,3.455,-0.073,0.000
25660,3.455,-0.073,0.000
25683,3.455,-0.073,0.000
25706,3.455,-0.073,0.000
25729,3.455,-0.073,0.000
25752,3.455,-0.073,0.000
25775,3.454,-0.073,0.000
25798,3.455,-0.073,0.000
25821,3.455,-0.073,0.000
25844,3.455,-0.073,0.000
25867,3.454,-0.049,0.000
25890,3.454,-0.073,0.000
25913,3.455,-0.073,0.000
25936,3.455,-0.073,0.000
25959,3.455,-0.073,0.000
25982,3.455,-0.073,0.000
26005,3.455,-0.073,0.000
26028,3.455,-0.073,0.000
26051,3.455,-0.049,0.000
26074,3.455,-0.073,0.000
26097,3.454,-0.073,0.000
26120,3.455,-0.049,0.000
26143,3.455,-0.073,0.000
26166,3.454,-0.073,0.000
26189,3.455,-0.073,0.000
26212,3.454,-0.049,0.000
26235,3.456,-0.073,0.000
26258,3.455,-0.049,0.000
26281,3.455,-0.049,0.000
26304,3.455,-0.073,0.000
26327,3.456,-0.049,0.000
26350,3.455,-0.049,0.000
26374,3.455,-0.073,0.000
26398,3.455,-0.049,0.000
26421,3.454,-0.073,0.000
26444,3.455,-0.073,0.000
26467,3.455,-0.073,0.000
26490,3.455,-0.073,0.000
26513,3.455,-0.049,0.000
26536,3.455,-0.073,0.000
26559,3.455,-0.073,0.000
26582,3.455,-0.049,0.000
26605,3.455,-0.073,0.000
26628,3.454,-0.049,0.000
26651,3.455,-0.073,0.000
26674,3.455,-0.049,0.000
26697,3.455,-0.073,0.000
26720,3.454,-0.049,0.000
26743,3.456,-0.049,0.000
26766,3.455,-0.073,0.000
26789,3.455,-0.073,0.000
26812,3.455,-0.049,0.000
26835,3.455,-0.073,0.000
26858,3.455,-0.049,0.000
26881,3.455,-0.049,0.000
26904,3.455,-0.049,0.000
26927,3.455,-0.073,0.000
26950,3.455,-0.049,0.000
26973,3.456,-0.073,0.000
26996,3.454,-0.049,0.000
27019,3.455,-0.073,0.000
27042,3.455,-0.073,0.000
27065,3.455,-0.049,0.000
27088,3.455,-0.049,0.000
27111,3.455,-0.049,0.000
27134,3.455,-0.049,0.000
27157,3.456,-0.049,0.000
27180,3.455,-0.073,0.000
27203,3.456,-0.049,0.000
27227,3.455,-0.073,0.000
27251,3.455,-0.049,0.000
27275,3.454,-0.073,0.000
[0;32mI (27803) wifi:[ADDBA]RX DELBA, reason:39, delete tid:0, initiator:1(originator)[0m
[0;32mI (27804) wifi:<ba-del>idx:0, tid:0[0m
27299,3.455,-0.073,0.000
27323,3.455,-0.073,0.000
27346,3.455,-0.073,0.000
27370,3.454,-0.073,0.000
27394,3.455,-0.073,0.000
27418,3.455,-0.049,0.000
27441,3.455,-0.073,0.000
27464,3.454,-0.098,0.000
27487,3.455,-0.073,0.000
27510,3.455,-0.073,0.000
27533,3.455,-0.073,0.000
27556,3.455,-0.049,0.000
27579,3.456,-0.073,0.000
27602,3.455,-0.073,0.000
27625,3.455,-0.073,0.000
27648,3.455,-0.049,0.000
27671,3.455,-0.073,0.000
27694,3.455,-0.049,0.000
27717,3.455,-0.073,0.000
27740,3.455,-0.073,0.000
27763,3.455,-0.049,0.000
27786,3.455,-0.073,0.000
27809,3.455,-0.073,0.000
27832,3.455,-0.049,0.000
27855,3.455,-0.049,0.000
27878,3.455,-0.073,0.000
27901,3.455,-0.073,0.000
27924,3.455,-0.049,0.000
27947,2.815,30.859,87.280
27970,2.815,30.859,87.280
27993,2.816,30.859,87.280
28016,2.818,30.762,87.280
28039,2.818,30.762,87.280
28062,2.819,30.713,87.280
28085,2.819,30.713,87.280
28108,2.818,30.737,87.280
28131,2.815,30.762,87.280
28154,2.815,30.859,87.280
28177,2.812,30.933,87.280
28200,2.811,30.933,87.280
28223,2.815,30.859,87.280
28246,2.820,30.640,86.060
28269,2.822,30.566,86.060
28292,2.822,30.615,86.670
28315,2.821,30.591,86.060
28338,2.818,30.737,87.280
28361,2.820,30.688,87.280
28384,2.818,30.737,87.280
28407,2.818,30.737,87.280
28430,2.818,30.713,87.280
28455,2.818,30.762,87.280
28478,2.819,30.737,87.280
28501,2.818,30.737,87.280
28524,2.819,30.713,87.280
28547,2.820,30.664,86.670
28570,2.818,30.688,86.060
28594,2.818,30.786,87.280
28617,2.815,30.835,87.280
28640,2.815,30.859,87.280
28663,2.816,30.859,87.280
28686,2.815,30.859,87.280
28709,2.816,30.835,87.280
28732,2.816,30.835,87.280
28755,2.815,30.835,87.280
28778,2.815,30.859,87.280
28801,2.814,30.859,87.280
28824,2.812,30.908,87.280
28847,2.812,30.957,87.280
28870,2.810,30.981,87.280
28894,2.809,31.128,87.280
28917,2.806,31.152,87.280
28940,2.806,31.152,87.280
28963,2.809,31.055,87.280
28986,2.811,31.006,87.280
29009,2.811,30.957,87.280
29032,2.814,30.835,87.280
29055,2.818,30.786,87.280
29078,2.819,30.762,87.280
29101,2.820,30.688,87.280
29124,2.820,30.688,86.670
29147,2.821,30.615,86.060
29170,2.821,30.640,86.670
29193,2.820,30.664,86.060
29216,2.820,30.640,86.060
29239,2.819,30.688,87.280
29262,2.820,30.640,86.670
29285,2.821,30.640,86.670
29308,2.818,30.737,87.280
29331,2.819,30.762,87.280
29354,2.821,30.591,86.060
29377,2.828,30.444,86.060
29400,2.832,30.225,86.060
29423,2.831,30.249,85.449
29446,2.839,30.176,84.839
29469,2.846,29.834,84.839
29492,2.848,29.639,84.229
29515,2.851,29.688,84.839
29538,2.849,29.614,84.839
29561,2.851,29.590,84.229
29584,2.852,29.468,84.229
29607,2.858,29.541,84.229
29630,2.848,29.663,84.839
29653,2.851,29.590,84.839
29676,2.856,29.688,84.839
29699,2.852,29.614,84.839
29722,2.854,29.468,84.229
29745,2.854,29.395,84.229
29768,2.856,29.492,84.839
29791,2.856,29.346,84.229
29814,2.856,29.272,83.618
29837,2.858,29.321,84.229
29860,2.859,29.468,84.839
29883,2.856,29.370,84.229
29906,2.859,29.370,84.229
29929,2.966,27.759,81.177
29952,3.342,6.348,20.752
29975,3.455,-0.073,0.000
29998,3.455,-0.073,0.000
30021,3.455,-0.049,0.000
30044,3.455,-0.049,0.000
30067,3.455,-0.073,0.000
30090,3.455,-0.073,0.000
30113,3.455,-0.049,0.000
30136,3.455,-0.073,0.000
30159,3.455,-0.073,0.000
30182,3.455,-0.073,0.000
30205,3.455,-0.049,0.000
30228,3.455,-0.073,0.000
30251,3.455,-0.049,0.000
30274,3.455,-0.049,0.000
30297,3.455,-0.073,0.000
30320,3.455,-0.073,0.000
30343,3.455,-0.049,0.000
30366,3.454,-0.073,0.000
30389,3.454,-0.073,0.000
30412,3.455,-0.049,0.000
30435,3.455,-0.049,0.000
30458,3.455,-0.049,0.000
30481,3.455,-0.073,0.000
30504,3.455,-0.049,0.000
30527,3.455,-0.073,0.000
30550,3.455,-0.073,0.000
30573,3.455,-0.049,0.000
30596,3.455,-0.049,0.000
30619,3.455,-0.024,0.000
30642,3.455,-0.073,0.000
30665,3.455,-0.073,0.000
30688,3.455,-0.073,0.000
30711,3.454,-0.073,0.000
30734,3.454,-0.073,0.000
30757,3.455,-0.073,0.000
30780,3.455,-0.073,0.000
30803,3.455,-0.049,0.000
30826,3.455,-0.049,0.000
30849,3.455,-0.049,0.000
30872,3.455,-0.049,0.000
30895,3.455,-0.049,0.000
30918,3.455,-0.073,0.000
30941,3.455,-0.049,0.000
30964,3.455,-0.049,0.000
30987,3.455,-0.073,0.000
31010,3.454,-0.073,0.000
31033,3.455,-0.073,0.000
31056,3.455,-0.073,0.000
31079,3.455,-0.049,0.000
31102,3.455,-0.073,0.000
31125,3.455,-0.049,0.000
31148,3.454,3.149,10.986
31171,3.371,4.858,16.479
31194,3.388,3.735,12.207
31217,3.378,4.370,15.259
31240,3.314,7.983,26.245
31263,3.314,7.959,26.245
31286,3.312,7.983,26.245
31309,3.314,7.983,26.245
31332,3.314,7.983,26.245
31355,3.314,7.983,26.245
31378,3.315,7.910,26.245
31401,3.315,7.886,26.245
31424,3.318,11.499,53.711
31447,3.081,17.920,54.321
31470,3.334,6.860,23.193
31493,2.949,23.315,67.749
31516,3.061,18.091,54.321
31539,3.332,12.207,37.231
31562,2.954,22.363,64.697
31585,3.088,21.094,64.087
31608,3.290,9.277,31.128
31631,3.289,9.302,30.518
31654,3.450,1.733,6.104
31677,3.455,-0.049,0.000
31700,3.455,-0.073,0.000
31723,3.455,-0.073,0.000
31746,3.455,-0.073,0.000
31769,3.454,-0.073,0.000
31792,3.455,-0.073,0.000
31815,3.455,-0.049,0.000
31838,3.455,-0.049,0.000
31861,3.455,-0.073,0.000
31884,3.455,-0.073,0.000
31907,3.455,-0.073,0.000
31930,3.455,-0.073,0.000
31953,3.455,-0.073,0.000
31976,3.455,-0.049,0.000
31999,3.455,-0.073,0.000
32022,3.455,-0.073,0.000
32045,3.454,-0.049,0.000
32068,3.456,-0.073,0.000
32091,3.455,-0.098,0.000
32114,3.456,-0.098,0.000
32137,3.454,-0.073,0.000
32160,3.455,-0.073,0.000
32183,3.454,-0.073,0.000
32206,3.455,-0.073,0.000
32229,3.455,-0.073,0.000
32252,3.455,-0.073,0.000
32275,3.455,-0.073,0.000
32298,3.455,-0.073,0.000
32321,3.455,-0.098,0.000
32344,3.455,-0.073,0.000
32367,3.455,-0.073,0.000
32390,3.456,-0.073,0.000
32413,3.456,-0.073,0.000
32436,3.455,-0.073,0.000
32459,3.455,-0.098,0.000
32482,3.455,-0.073,0.000
32505,3.455,-0.073,0.000
32528,3.454,-0.049,0.000
32551,3.456,-0.073,0.000
32574,3.456,-0.073,0.000
32597,3.456,-0.073,0.000
32620,3.455,-0.073,0.000
32643,3.455,-0.073,0.000
32666,3.455,-0.073,0.000
32689,3.455,-0.073,0.000
32712,3.455,-0.049,0.000
32735,3.455,-0.073,0.000
32758,3.455,-0.049,0.000
32781,3.455,-0.073,0.000
32804,3.456,-0.073,0.000
32827,3.455,-0.073,0.000
32850,3.455,-0.073,0.000
32873,3.455,-0.073,0.000
32896,3.455,-0.073,0.000
32919,3.455,-0.073,0.000
32942,3.455,-0.049,0.000
32965,3.455,-0.049,0.000
32988,3.455,-0.073,0.000
33011,3.455,-0.073,0.000
33034,3.455,-0.073,0.000
33057,3.455,-0.073,0.000
33080,3.454,-0.073,0.000
33103,3.455,-0.073,0.000
33126,3.455,-0.073,0.000
33149,3.455,-0.073,0.000
33172,3.455,-0.073,0.000
33195,3.455,-0.073,0.000
33218,3.455,-0.073,0.000
33241,3.456,-0.073,0.000
33264,3.455,-0.073,0.000
33287,3.455,-0.073,0.000
33310,3.456,-0.073,0.000
33333,3.454,-0.049,0.000
33356,3.455,-0.073,0.000
33379,3.455,-0.073,0.000
33402,3.454,-0.073,0.000
33425,3.455,-0.073,0.000
33448,3.455,-0.073,0.000
33471,3.455,-0.073,0.000
33494,3.455,-0.073,0.000
33517,3.455,-0.073,0.000
33540,3.455,-0.073,0.000
33563,3.455,-0.073,0.000
33586,3.455,-0.073,0.000
33609,3.455,-0.073,0.000
33632,3.455,-0.073,0.000
33655,3.455,-0.073,0.000
33678,3.455,-0.049,0.000
33701,3.455,-0.049,0.000
33724,3.455,-0.049,0.000
33747,3.455,-0.073,0.000
33770,3.455,-0.049,0.000
33793,3.455,-0.073,0.000
33816,3.455,-0.049,0.000
33839,3.455,-0.073,0.000
33862,3.456,-0.049,0.000
33885,3.455,-0.049,0.000
33908,3.455,-0.073,0.000
33931,3.455,-0.073,0.000
33954,3.455,-0.073,0.000
33977,3.455,-0.073,0.000
34000,3.455,-0.073,0.000
34023,3.454,-0.049,0.000
34046,3.455,-0.073,0.000
34069,3.455,-0.073,0.000
34092,3.455,-0.073,0.000
34115,3.454,-0.073,0.000
34138,3.455,-0.073,0.000
34161,3.455,-0.073,0.000
34184,3.455,-0.073,0.000
34207,3.455,-0.049,0.000
34230,3.455,-0.073,0.000
34253,3.455,-0.073,0.000
34276,3.455,-0.049,0.000
34299,3.455,-0.073,0.000
34322,3.455,-0.073,0.000
34345,3.455,-0.073,0.000
34368,3.455,-0.049,0.000
34391,3.454,-0.049,0.000
34414,3.455,-0.049,0.000
34437,3.455,-0.049,0.000
34460,3.455,-0.073,0.000
34483,3.455,-0.073,0.000
34506,3.455,-0.073,0.000
34529,3.455,-0.049,0.000
34552,3.455,-0.073,0.000
34575,3.455,-0.073,0.000
34598,3.454,-0.073,0.000
34621,3.455,-0.049,0.000
34644,3.455,-0.049,0.000
34667,3.455,-0.073,0.000
34690,3.455,-0.049,0.000
34713,3.455,-0.073,0.000
34736,3.455,-0.073,0.000
34759,3.456,-0.073,0.000
34782,3.455,-0.073,0.000
34805,3.455,-0.049,0.000
34828,3.455,-0.024,0.000
34851,3.455,-0.073,0.000
34874,3.455,-0.073,0.000
34897,3.455,-0.073,0.000
34920,3.455,-0.073,0.000
34943,3.455,-0.073,0.000
34966,3.455,-0.073,0.000
34989,3.455,-0.073,0.000
35012,3.455,-0.073,0.000
35035,3.455,-0.073,0.000
35058,3.455,-0.049,0.000
35081,3.455,-0.073,0.000
35104,3.456,-0.073,0.000
35127,3.455,-0.073,0.000
35150,3.455,-0.073,0.000
35173,3.455,-0.073,0.000
35196,3.455,-0.073,0.000
35219,3.454,-0.073,0.000
35242,3.455,-0.073,0.000
35265,3.455,-0.073,0.000
35288,3.456,-0.073,0.000
35311,3.455,-0.073,0.000
35334,3.454,-0.073,0.000
35357,3.455,-0.073,0.000
35380,3.456,-0.049,0.000
35403,3.456,-0.073,0.000
35426,3.455,-0.073,0.000
35449,3.455,-0.073,0.000
35472,3.454,-0.073,0.000
35495,3.455,-0.073,0.000
35518,3.455,-0.073,0.000
35541,3.455,-0.073,0.000
35564,3.455,-0.098,0.000
35587,3.456,-0.073,0.000
35610,3.455,-0.073,0.000
35633,3.455,-0.073,0.000
35656,3.455,-0.073,0.000
35679,3.455,-0.049,0.000
35702,3.455,-0.073,0.000
35725,3.456,-0.049,0.000
35748,3.455,-0.073,0.000
35771,3.455,-0.073,0.000
35794,3.455,-0.073,0.000
35817,3.454,-0.073,0.000
35840,3.455,-0.073,0.000
35863,3.455,-0.073,0.000
35886,3.455,-0.073,0.000
35909,3.455,-0.073,0.000
35932,3.455,-0.073,0.000
35955,3.455,-0.073,0.000
35978,3.455,-0.073,0.000
36001,3.456,-0.049,0.000
36024,3.455,-0.098,0.000
36047,3.455,-0.073,0.000
36070,3.454,-0.073,0.000
36093,3.455,-0.073,0.000
36116,3.455,-0.073,0.000
36139,3.455,-0.073,0.000
36162,3.454,-0.073,0.000
36185,3.455,-0.098,0.000
36208,3.455,-0.073,0.000
36231,3.455,-0.073,0.000
36254,3.455,-0.073,0.000
36277,3.456,-0.073,0.000
36300,3.455,-0.073,0.000
36323,3.455,-0.073,0.000
36346,3.455,-0.073,0.000
36369,3.455,-0.073,0.000
[0;32mI (36893) wifi:bcn_timeout,ap_probe_send_start[0m
36392,3.455,-0.073,0.000
36416,3.455,-0.073,0.000
36440,3.455,-0.098,0.000
36463,3.455,-0.073,0.000
36487,3.455,-0.073,0.000
36511,3.455,-0.049,0.000
36536,3.455,-0.073,0.000
36560,3.455,-0.049,0.000
36584,3.455,-0.049,0.000
36608,3.455,-0.073,0.000
36632,3.455,-0.073,0.000
36656,3.455,-0.073,0.000
36680,3.454,-0.049,0.000
36704,3.455,-0.049,0.000
36728,3.454,-0.073,0.000
36752,3.455,-0.073,0.000
36776,3.455,-0.073,0.000
36800,3.455,-0.049,0.000
36824,3.454,-0.073,0.000
36848,3.455,-0.049,0.000
36872,3.454,-0.049,0.000
36897,3.455,-0.049,0.000
36922,3.455,-0.049,0.000
36946,3.455,-0.073,0.000
36969,3.456,-0.049,0.000
36994,3.455,-0.049,0.000
37018,3.455,-0.049,0.000
37042,3.455,-0.049,0.000
37067,3.455,-0.049,0.000
37091,3.455,-0.073,0.000
37115,3.455,-0.049,0.000
37139,3.455,-0.073,0.000
37165,3.455,-0.073,0.000
37189,3.456,-0.049,0.000
37213,3.454,-0.049,0.000
37237,3.455,-0.049,0.000
37261,3.455,-0.073,0.000
37285,3.455,-0.073,0.000
37309,3.455,-0.073,0.000
37333,3.454,-0.049,0.000
37357,3.454,-0.049,0.000
37381,3.455,-0.049,0.000
37405,3.455,-0.049,0.000
37429,3.454,-0.073,0.000
37453,3.455,-0.073,0.000
37476,3.455,-0.049,0.000
37499,3.386,3.833,12.817
37524,2.805,31.201,87.891
37547,2.806,31.177,87.280
37571,2.805,31.201,87.891
37596,2.804,31.250,87.891
37620,2.803,31.274,87.891
37645,2.803,31.299,87.891
37670,2.801,31.299,87.891
37694,2.800,31.299,87.891
37719,2.799,31.348,87.891
37743,2.799,31.372,87.891
37767,2.797,31.372,87.891
37791,2.797,31.372,87.891
37815,2.797,31.348,87.891
37839,2.797,31.348,87.891
37864,2.797,31.372,87.891
37890,2.796,31.372,87.891
37914,2.794,31.445,87.891
37937,2.793,31.519,87.891
37962,2.790,31.519,87.891
37986,2.790,31.519,87.891
38011,2.790,31.543,87.891
38035,2.787,31.519,87.891
38059,2.787,31.543,87.891
38084,2.786,31.592,87.891
38108,2.785,31.592,87.891
38134,2.783,31.616,87.891
38158,2.783,31.592,87.891
38182,2.783,31.592,87.891
38208,2.783,31.592,87.891
38232,2.781,31.592,87.891
38256,2.781,31.616,87.891
38280,2.780,31.616,87.891
38304,2.780,31.592,87.891
38327,2.779,31.616,87.891
38350,2.779,31.592,87.891
38373,2.779,31.592,87.891
38396,2.775,31.567,87.891
38420,2.776,31.567,87.891
38443,2.775,31.567,87.891
38467,2.775,31.567,87.891
38492,2.775,31.567,87.891
38516,2.770,31.519,87.280
38540,2.747,31.299,84.839
38564,2.753,31.348,86.060
38587,2.745,31.250,86.060
38610,2.764,31.470,87.280
38633,2.765,31.494,87.280
38656,2.786,31.714,87.891
38679,2.787,31.689,87.891
38702,2.786,31.689,87.891
38725,2.785,31.714,87.891
38748,2.786,31.714,87.891
38771,2.785,31.714,87.891
38794,2.785,31.714,87.891
38817,2.785,31.689,87.891
38840,2.785,31.714,87.891
38863,2.784,31.714,87.891
[0;32mI (39397) wifi:ap_probe_send over, reset wifi status to disassoc[0m
[0;32mI (39398) wifi:state: run -> init (0xc800)[0m
[0;32mI (39401) wifi:pm stop, total sleep time: 8896847 us / 35053876 us[0m

[0;32mI (39403) wifi:new:<6,0>, old:<6,0>, ap:<255,255>, sta:<6,0>, prof:1, snd_ch_cfg:0x0[0m
[0;33mW (39412) profiler: WiFi disconnected, reconnecting...[0m
38892,2.783,31.689,87.891
38922,2.783,31.714,87.891
38945,2.783,31.714,87.891
38968,2.783,31.689,87.891
38991,2.783,31.689,87.891
39014,2.780,31.665,87.891
39037,2.779,31.665,87.891
39061,2.776,31.641,87.891
39084,2.776,31.641,87.891
39107,2.773,31.616,87.891
39130,2.771,31.592,87.891
39153,2.770,31.592,87.891
39177,2.766,31.543,87.280
39200,2.716,31.030,85.449
39223,2.764,31.494,87.280
39246,2.747,31.348,86.060
39269,2.743,31.323,86.060
39292,2.733,31.104,85.449
39315,2.706,31.177,85.449
39338,2.714,30.908,84.229
39361,2.759,31.445,87.280
39384,2.759,31.445,87.280
39409,2.769,31.567,87.280
39432,2.767,31.592,87.280
39455,2.760,31.494,87.280
39478,2.751,31.396,86.060
39501,2.746,31.348,86.060
39526,2.761,31.445,87.280
39549,2.719,31.055,84.839
39572,2.755,31.421,87.280
39595,2.764,31.543,87.280
39618,2.751,31.396,85.449
39641,2.755,31.445,87.280
39664,2.766,31.567,87.280
39687,2.755,31.445,87.280
39710,2.741,31.348,84.229
39733,2.723,31.470,87.280
39756,2.751,31.396,86.060
39779,2.756,31.445,87.280
39802,2.750,31.372,86.060
39825,2.754,31.421,86.670
39848,2.756,31.470,87.280
39871,2.707,31.030,84.229
39894,2.757,31.494,87.280
39917,2.749,31.421,86.670
39940,2.755,31.494,87.280
39963,2.770,31.641,87.891
39986,2.773,31.616,87.891
40011,2.771,31.616,87.891
40034,2.771,31.592,87.891
40057,2.774,31.641,87.891
40080,2.771,31.616,87.891
40103,2.771,31.641,87.891
40126,2.770,31.616,87.891
40149,2.774,31.641,87.891
40172,2.775,31.689,87.891
40195,2.773,31.641,87.891
40218,2.774,31.665,87.891
40241,2.773,31.641,87.891
40264,2.771,31.641,87.891
40287,2.767,31.616,87.280
40310,2.737,31.274,86.060
40333,2.761,31.519,87.280
40356,2.754,31.470,86.060
40379,2.743,31.152,84.839
40402,2.763,31.567,87.280
40425,2.761,31.543,87.280
40448,2.739,31.323,86.060
40471,2.754,31.470,87.280
40494,2.759,31.519,87.280
40517,2.769,31.616,87.891
40540,2.766,31.616,87.280
40563,2.761,31.567,87.280
40586,2.754,31.445,87.280
40609,2.754,31.470,87.280
40632,2.740,31.323,86.060
40655,2.751,31.445,87.280
40678,2.756,31.421,87.280
40701,2.746,31.348,86.060
40724,2.694,30.713,83.008
40747,2.724,30.835,83.618
40770,2.665,30.786,83.008
40793,2.706,30.908,84.229
40816,2.662,30.396,81.177
40839,2.685,30.688,82.397
40862,2.690,30.737,83.008
40885,2.670,30.493,81.787
40908,2.700,30.859,83.618
40931,2.704,30.933,84.229
40954,2.690,30.737,83.008
40977,2.735,31.299,86.060
41000,2.754,31.396,86.670
41023,2.763,31.519,87.280
41046,2.767,31.543,87.280
41069,2.771,31.567,87.891
41092,2.774,31.592,87.891
41115,2.773,31.543,87.891
41138,2.775,31.567,87.891
41161,2.775,31.543,87.280
41184,2.775,31.543,87.891
41207,2.775,31.567,87.891
41230,2.775,31.567,87.891
41253,2.776,31.567,87.891
41276,2.779,31.494,87.280
41299,2.780,31.421,87.280
[0;33mW (41834) profiler: WiFi disconnected, reconnecting...[0m
41322,2.780,31.421,87.280
41346,2.780,31.396,87.280
41369,2.781,31.372,87.280
41392,2.780,31.396,87.280
41415,2.780,31.421,87.280
41438,2.780,31.445,87.280
41464,2.780,31.445,87.280
41487,2.777,31.470,87.280
41510,2.779,31.445,87.280
41533,2.780,31.396,87.280
41556,2.781,31.421,87.280
41579,2.780,31.348,87.280
41603,2.784,31.396,87.280
41626,2.784,31.372,87.280
41649,2.785,31.323,87.280
41672,2.785,31.299,87.280
41695,2.790,31.226,87.280
41718,2.794,31.079,87.280
41741,2.800,30.762,86.670
41764,2.820,30.200,85.449
41787,2.822,30.029,84.839
41810,2.814,30.420,86.060
41834,3.261,6.445,21.973
41857,3.094,21.826,65.308
41880,3.310,8.008,26.855
41903,3.310,8.008,26.855
41926,3.310,8.008,26.245
41950,3.311,8.032,26.855
41973,3.310,8.008,26.855
41996,3.312,7.910,26.245
42019,3.312,7.910,26.245
42042,3.312,7.935,26.245
42067,3.312,7.910,26.245
42090,2.795,31.055,87.280
42113,2.794,31.055,87.280
42136,2.795,31.030,87.280
42159,2.794,31.104,87.280
42182,2.787,31.250,87.280
42205,2.784,31.396,87.280
42228,2.781,31.592,87.891
42251,2.780,31.641,87.891
42274,2.780,31.641,87.891
42297,2.777,31.616,87.891
42320,2.777,31.592,87.891
42343,2.777,31.592,87.891
42366,2.779,31.567,87.891
42389,2.780,31.543,87.891
42412,2.787,31.348,87.280
42436,2.791,31.250,87.280
42459,2.793,31.201,87.280
42482,2.794,31.152,87.280
42505,2.796,31.104,87.280
42528,2.799,31.030,87.280
42553,2.800,31.030,87.280
42576,2.801,30.981,87.280
42599,2.800,31.006,87.280
42622,2.801,31.006,87.280
42645,2.800,31.006,87.280
42668,2.800,31.030,87.280
42691,2.800,31.055,87.280
42714,2.803,31.079,87.280
42737,2.801,31.104,87.280
42760,2.800,31.177,87.280
42783,2.797,31.274,87.280
42806,2.800,31.226,87.280
42829,2.797,31.201,87.280
42852,2.799,31.201,87.280
42875,2.799,31.226,87.280
42898,2.797,31.201,87.280
42921,2.796,31.226,87.280
42944,2.795,31.177,87.280
42967,2.794,31.226,87.280
42990,2.793,31.250,87.280
43013,2.795,31.226,87.280
43036,2.794,31.201,87.280
43059,2.795,31.177,87.280
43082,2.795,31.152,87.280
43105,2.795,31.177,87.280
43128,2.795,31.152,87.280
43151,2.794,31.152,87.280
43174,2.794,31.152,87.280
43197,2.793,31.177,87.280
43220,2.791,31.177,87.280
43243,2.791,31.201,87.280
43266,2.791,31.226,87.280
43289,2.791,31.250,87.280
43312,2.793,31.372,87.891
43335,2.791,31.421,87.891
43358,2.784,31.592,87.891
43381,2.784,31.641,87.891
43404,2.779,31.616,87.891
43427,2.779,31.641,87.891
43450,2.780,31.616,87.891
43473,2.784,31.689,87.891
43496,2.785,31.689,87.891
43519,2.783,31.665,87.891
43542,2.783,31.665,87.891
43565,2.783,31.714,87.891
43588,2.786,31.763,87.891
43611,2.785,31.763,88.501
43634,2.789,31.763,89.111
43657,2.794,31.812,89.111
43680,2.793,31.812,89.111
43703,2.793,31.812,89.111
43726,2.791,31.836,89.111
[0;33mW (44254) profiler: WiFi disconnected, reconnecting...[0m
43749,2.791,31.836,89.111
43773,2.790,31.885,89.111
43796,2.790,31.836,89.111
43819,2.791,31.836,89.111
43842,2.793,31.885,89.111
43865,2.794,31.909,89.111
43889,2.794,31.885,89.111
43912,2.795,31.885,89.111
43935,2.795,31.909,89.111
43958,2.793,31.909,89.111
43981,2.795,31.885,89.111
44006,2.794,31.885,89.111
44029,2.795,31.885,89.111
44052,2.795,31.885,89.111
44075,2.795,31.836,89.111
44098,2.796,31.812,89.111
44121,2.799,31.812,89.111
44145,2.797,31.787,89.111
44168,2.797,31.738,89.111
44191,2.797,31.738,89.111
44214,2.800,31.689,89.111
44237,2.800,31.689,89.111
44260,2.800,31.714,89.111
44283,2.801,31.665,89.111
44306,2.799,31.689,89.111
44329,2.801,31.641,89.111
44352,2.801,31.665,89.111
44375,2.800,31.738,89.111
44398,2.803,31.641,89.111
44421,2.804,31.616,89.111
44444,2.806,31.567,89.111
44467,2.810,31.445,87.891
44491,2.830,30.933,87.891
44514,2.835,30.566,86.670
44537,2.855,30.103,86.060
44560,2.846,30.127,86.060
44583,2.842,30.322,86.060
44606,3.372,4.590,15.259
44629,3.454,1.245,0.000
44652,3.455,-0.073,0.000
44675,3.455,-0.073,0.000
44698,3.455,-0.073,0.000
44721,3.455,-0.073,0.000
44744,3.455,-0.049,0.000
44767,3.455,-0.073,0.000
44790,3.455,-0.073,0.000
44813,3.455,-0.049,0.000
44836,3.455,-0.073,0.000
44859,3.455,-0.049,0.000
44882,3.456,-0.073,0.000
44905,3.455,-0.073,0.000
44928,3.455,-0.073,0.000
44951,3.455,-0.073,0.000
44976,3.455,-0.073,0.000
44999,3.455,-0.073,0.000
45022,3.455,-0.049,0.000
45045,3.455,-0.073,0.000
45068,3.455,-0.073,0.000
45091,3.454,-0.073,0.000
45114,3.455,-0.049,0.000
45137,3.455,-0.073,0.000
45160,3.455,-0.073,0.000
45183,3.455,-0.049,0.000
45206,3.455,-0.073,0.000
45229,3.456,-0.073,0.000
45252,3.455,-0.073,0.000
45275,3.455,-0.073,0.000
45298,3.455,-0.073,0.000
45321,3.455,-0.073,0.000
45344,3.455,-0.073,0.000
45367,3.455,-0.073,0.000
45390,3.455,-0.073,0.000
45413,3.455,-0.073,0.000
45436,3.455,-0.073,0.000
45459,3.455,-0.049,0.000
45482,3.455,-0.049,0.000
45505,3.455,-0.049,0.000
45528,3.456,-0.049,0.000
45551,3.455,-0.073,0.000
45574,3.455,-0.073,0.000
45597,3.455,-0.073,0.000
45620,3.455,-0.073,0.000
45643,3.455,-0.073,0.000
45666,3.455,-0.049,0.000
45689,3.455,-0.073,0.000
45712,3.455,-0.049,0.000
45735,3.455,-0.049,0.000
45758,3.454,-0.073,0.000
45781,3.455,-0.049,0.000
45804,3.454,-0.024,0.000
45827,2.904,27.979,81.177
45850,2.895,28.345,81.787
45873,2.890,28.516,84.229
45896,2.871,29.321,84.229
45919,2.866,29.492,84.229
45942,2.865,29.541,84.839
45965,2.845,30.249,86.060
45988,2.851,29.980,86.060
46011,2.871,29.248,84.229
46034,2.874,29.150,84.229
46057,2.872,29.248,84.229
46080,2.871,29.272,84.229
46103,2.871,29.248,84.229
46126,2.870,29.346,84.229
46149,2.868,29.419,84.229
[0;33mW (46675) profiler: WiFi disconnected, reconnecting...[0m
46172,2.868,29.419,84.229
46196,2.866,29.443,84.229
46219,2.869,29.370,84.229
46242,2.868,29.395,84.229
46265,2.859,29.712,84.839
46288,2.862,29.517,84.839
46312,2.865,29.517,84.839
46335,2.861,29.590,84.839
46358,2.859,29.688,84.839
46381,2.859,29.736,84.839
46404,2.858,29.736,84.839
46427,2.858,29.761,84.839
46450,2.859,29.712,84.839
46473,2.859,29.712,84.839
46496,2.855,29.810,84.839
46519,2.855,29.810,84.839
46544,2.856,29.834,84.839
46567,2.855,29.810,84.839
46590,2.855,29.858,84.839
46613,2.841,30.298,86.060
46636,2.836,30.469,86.060
46659,2.841,30.273,86.060
46683,2.846,30.151,86.060
46706,2.844,30.225,86.060
46729,2.858,29.639,84.839
46752,2.850,30.005,86.060
46775,2.826,30.786,87.280
46799,2.850,30.005,85.449
46822,2.848,30.005,85.449
46845,2.809,31.396,87.891
46868,2.796,31.689,89.111
46891,2.794,31.763,89.111
46914,2.795,31.763,89.111
46937,2.794,31.763,89.111
46960,2.794,31.763,89.111
46983,2.794,31.763,89.111
47006,2.793,31.787,89.111
47031,2.794,31.763,89.111
47054,2.794,31.763,89.111
47077,2.793,31.763,89.111
47100,2.793,31.787,89.111
47123,2.794,31.787,89.111
47146,2.795,31.763,89.111
47169,2.794,31.738,89.111
47192,2.794,31.787,89.111
47215,2.794,31.787,89.111
47238,2.794,31.763,89.111
47261,2.795,31.763,89.111
47284,2.796,31.763,89.111
47307,2.799,31.787,89.111
47330,2.797,31.763,89.111
47353,2.797,31.812,89.111
47376,2.796,31.787,89.111
47399,2.796,31.763,89.111
47422,2.796,31.787,89.111
47445,2.795,31.787,89.111
47468,2.795,31.763,89.111
47491,2.796,31.763,89.111
47515,2.796,31.763,89.111
47538,2.796,31.763,89.111
47561,2.796,31.787,89.111
47584,2.796,31.763,89.111
47607,2.796,31.763,89.111
47630,2.797,31.763,89.111
47653,2.797,31.763,89.111
47676,2.799,31.763,89.111
47699,2.797,31.714,89.111
47722,2.801,31.738,89.111
47745,2.801,31.763,89.111
47768,2.801,31.763,89.111
47791,2.800,31.763,89.111
47814,2.801,31.763,89.111
47837,2.801,31.738,89.111
47860,2.801,31.714,89.111
47883,2.804,31.714,89.111
47906,2.803,31.689,89.111
47929,2.803,31.689,89.111
47952,2.803,31.665,89.111
47975,2.804,31.641,89.111
47998,2.801,31.616,89.111
48021,2.801,31.616,89.111
48044,2.804,31.592,89.111
48067,2.804,31.592,89.111
48090,2.804,31.592,89.111
48113,2.804,31.592,89.111
48136,2.804,31.592,89.111
48159,2.804,31.592,89.111
48182,2.804,31.592,89.111
48205,2.805,31.567,89.111
48228,2.805,31.543,88.501
48251,2.806,31.519,88.501
48274,2.807,31.445,87.891
48297,2.810,31.445,87.891
48320,2.811,31.396,87.891
48343,2.814,31.323,87.891
48366,2.816,31.250,87.891
48389,2.820,31.152,87.891
48412,2.818,31.274,87.891
48435,2.819,31.152,87.891
48458,2.832,30.933,87.280
48481,2.840,30.591,87.280
48504,2.840,30.493,86.670
48527,2.835,30.469,86.060
48550,2.841,30.542,86.670
[0;33mW (49095) profiler: WiFi disconnected, reconnecting...[0m
48573,2.841,30.542,86.670
48602,2.841,30.420,86.670
48625,2.842,30.444,86.670
48648,2.841,30.298,86.060
48671,2.846,30.322,86.060
48694,2.824,31.079,87.891
48717,3.261,7.861,23.193
48740,3.455,-0.073,0.000
48763,3.455,-0.049,0.000
48786,3.385,3.809,12.817
48809,3.375,4.834,16.479
48832,3.390,3.638,12.207
48855,3.297,13.135,43.335
48878,3.315,7.959,26.245
48901,3.315,7.983,26.245
48924,3.316,8.008,26.855
48947,3.315,7.983,26.245
48970,3.316,8.008,26.855
48993,3.315,8.008,26.245
49016,3.315,7.935,26.245
49039,3.318,7.910,26.245
49062,3.036,19.482,57.373
49087,2.841,30.518,86.670
49110,2.832,30.737,87.280
49133,2.826,30.884,87.280
49156,2.825,31.177,87.891
49179,2.821,31.250,87.891
49202,2.825,31.104,87.891
49225,2.821,31.250,87.891
49248,2.816,31.421,88.501
49271,2.812,31.519,89.111
49294,2.805,31.714,89.111
49317,2.804,31.787,89.111
49340,2.803,31.812,89.111
49363,2.801,31.787,89.111
49386,2.801,31.812,89.111
49409,2.801,31.812,89.111
49432,2.800,31.836,89.111
49455,2.799,31.812,89.111
49478,2.800,31.836,89.111
49501,2.799,31.812,89.111
49524,2.800,31.787,89.111
49547,2.800,31.787,89.111
49571,2.800,31.812,89.111
49594,2.799,31.763,89.111
49617,2.801,31.714,89.111
49640,2.822,31.104,87.891
49663,2.818,31.323,87.891
49686,2.814,31.372,87.891
49709,2.818,31.250,87.891
49732,2.819,31.201,87.891
49755,2.828,30.908,87.280
49778,2.831,30.835,87.280
49801,2.826,30.835,87.280
49824,2.838,30.469,86.670
49847,2.839,30.444,86.060
49870,2.832,30.762,87.280
49893,2.854,29.956,85.449
49916,2.825,31.030,87.891
49939,2.854,30.054,84.839
49962,2.854,30.029,86.060
49985,2.840,30.542,87.280
50008,2.822,31.152,87.891
50031,2.858,29.810,85.449
50054,2.831,30.542,86.670
50077,2.807,29.590,83.008
50100,2.886,28.516,82.397
50123,2.926,26.978,78.735
50146,2.892,28.955,84.229
50169,2.910,28.418,83.008
50192,2.909,28.467,83.008
50215,2.898,28.882,84.229
50238,2.898,28.906,84.229
50261,2.895,29.028,84.229
50284,2.900,28.833,84.229
50307,2.904,28.711,83.618
50330,2.904,28.687,83.618
50353,2.904,28.662,83.008
50376,2.904,28.687,83.008
50399,2.899,28.931,84.229
50422,2.898,29.004,84.229
50445,2.896,29.028,84.229
50468,2.896,29.053,84.229
50491,2.895,29.004,84.229
50514,2.892,29.053,84.229
50537,2.894,29.077,84.229
50560,2.895,29.004,84.229
50583,2.896,29.028,84.229
50606,2.896,28.955,84.229
50629,2.890,29.053,84.229
50652,2.892,29.077,84.229
50675,2.889,29.053,84.229
50698,2.891,29.102,84.229
50721,2.890,29.077,84.229
50744,2.895,29.053,84.229
50767,2.896,29.077,84.229
50790,2.898,28.955,84.229
50813,2.902,28.931,84.229
50836,2.905,28.833,83.618
50859,2.918,28.101,81.787
50882,2.924,27.783,81.177
50905,2.922,28.027,81.787
50928,2.929,27.881,79.956
50951,2.947,27.051,79.346
50974,2.950,26.978,79.346
[0;33mW (51515) profiler: WiFi disconnected, reconnecting...[0m
50999,2.954,26.611,78.735
[0;32mI (51532) wifi:new:<6,0>, old:<6,0>, ap:<255,255>, sta:<6,0>, prof:1, snd_ch_cfg:0x0[0m
[0;32mI (51533) wifi:state: init -> auth (0xb0)[0m
51024,2.938,27.539,79.956
51048,2.935,27.319,79.956
51071,2.931,27.710,81.177
51094,2.929,27.808,81.177
51117,2.926,27.808,81.177
51140,2.924,27.856,81.787
51163,2.938,27.441,80.566
51186,2.949,27.002,79.956
51209,2.944,27.075,79.956
51232,2.953,26.953,79.346
51255,2.944,27.124,79.956
51278,2.940,27.246,79.956
51301,2.940,27.441,81.177
51324,2.940,27.295,80.566
51347,2.940,27.271,79.956
51370,2.940,27.271,79.956
51393,2.935,27.344,79.956
51416,2.931,27.490,80.566
51439,2.939,27.271,79.956
51462,2.940,27.246,79.956
51485,2.930,27.417,79.956
51508,2.925,27.783,81.177
51531,2.925,28.003,82.397
51554,2.922,28.027,82.397
51577,2.924,28.027,82.397
51600,2.920,27.905,81.787
51623,2.922,28.101,82.397
51646,2.919,28.003,82.397
51669,2.920,28.101,82.397
51692,2.922,27.808,81.177
51715,2.924,27.832,81.787
51738,2.922,27.759,81.177
51761,2.939,27.319,79.956
51784,2.959,26.538,78.735
51807,2.956,26.514,78.735
51830,2.965,26.099,77.515
51853,2.955,26.440,78.125
51876,2.955,26.489,78.125
51899,2.946,26.831,78.735
51922,2.946,26.709,79.346
51945,2.944,26.831,78.735
51968,2.941,27.051,79.956
51991,2.950,26.855,78.735
52014,2.949,26.562,78.125
[0;32mI (52537) wifi:state: auth -> init (0x200)[0m
[0;32mI (52541) wifi:new:<6,0>, old:<6,0>, ap:<255,255>, sta:<6,0>, prof:1, snd_ch_cfg:0x0[0m
[0;33mW (52543) profiler: WiFi disconnected, reconnecting...[0m
52037,2.953,26.587,78.735
52062,2.951,26.416,78.125
52085,2.953,26.489,78.735
52108,2.953,26.440,77.515
52131,2.951,26.489,78.125
52154,2.953,26.489,77.515
52178,2.951,26.392,77.515
52201,2.955,26.465,78.125
52224,2.956,26.392,78.125
52247,2.956,26.294,78.125
52270,2.959,26.294,78.125
52294,2.956,26.221,77.515
52317,2.957,26.074,78.125
52340,2.957,26.221,77.515
52363,2.955,26.367,78.125
52386,2.955,26.245,77.515
52409,2.961,26.270,76.904
52432,2.961,26.074,76.904
52455,2.959,26.025,76.904
52478,2.963,26.123,77.515
52501,2.964,26.099,77.515
52524,2.959,26.196,78.125
52548,2.961,26.245,78.125
52571,2.960,26.294,78.125
52594,2.957,26.392,77.515
52617,2.951,26.465,78.125
52640,2.954,26.245,77.515
52664,2.959,26.343,78.125
52687,2.954,26.416,78.125
52710,2.955,26.367,77.515
52733,2.955,26.221,77.515
52756,2.956,26.172,78.125
52780,2.961,26.294,78.125
52803,2.959,26.343,78.125
52826,2.961,26.270,78.125
52849,2.961,26.147,77.515
52872,2.959,26.221,78.125
52895,2.961,26.025,76.904
52918,2.964,26.147,77.515
52941,2.961,26.196,77.515
52964,2.957,26.270,77.515
52987,2.960,26.318,78.125
53010,2.964,26.196,78.125
53033,2.963,26.025,76.904
53056,2.964,26.172,76.904
53079,2.964,26.147,77.515
53102,2.960,26.099,77.515
53125,2.957,26.123,76.904
53149,2.956,26.367,78.125
53172,2.960,26.367,78.125
53195,2.961,26.196,78.125
53218,2.961,26.050,76.904
53241,2.959,26.318,77.515
53265,2.957,26.489,78.735
53288,2.954,26.367,78.125
53311,2.955,26.416,78.125
53334,2.955,26.221,77.515
53357,2.956,26.172,76.904
53380,2.963,26.172,77.515
53403,2.963,25.977,77.515
53426,2.964,26.025,76.904
53449,2.964,26.221,78.125
53472,2.960,26.196,77.515
53495,2.957,26.221,78.125
53518,2.956,26.416,78.125
53541,2.957,26.392,78.125
53564,2.955,26.318,78.125
53587,2.955,26.392,78.125
53610,2.955,26.538,78.125
53633,2.953,26.440,78.125
53656,2.954,26.611,78.735
53679,2.954,26.514,78.735
53702,2.953,26.489,78.735
53725,2.954,26.489,78.125
53748,2.950,26.465,78.125
53771,2.951,26.514,78.125
53794,2.950,26.538,78.735
53817,2.950,26.562,78.735
53840,2.951,26.562,78.735
53863,2.953,26.440,78.125
53886,2.955,26.538,78.735
53909,2.954,26.489,78.125
53932,2.954,26.440,78.125
53955,2.957,26.587,78.735
53978,2.954,26.416,78.125
54001,2.956,26.562,78.735
54024,2.953,26.465,78.125
54047,2.956,26.587,78.735
54070,2.954,26.465,78.125
54093,2.953,26.489,78.735
54116,2.953,26.660,78.735
54139,2.956,26.660,78.735
54162,2.955,26.587,78.735
54185,2.953,26.709,79.346
54208,2.949,26.831,79.346
54231,2.946,26.855,79.346
54254,2.946,26.929,79.346
54277,2.946,26.831,79.346
54300,2.946,26.904,79.346
54323,2.947,26.880,79.346
54346,2.947,26.880,79.346
54369,2.949,26.782,78.735
54392,2.949,26.782,78.735
54415,2.949,26.807,79.346
54438,2.947,26.807,78.735
[0;33mW (54964) profiler: WiFi disconnected, reconnecting...[0m
[0;32mI (54975) wifi:new:<6,0>, old:<6,0>, ap:<255,255>, sta:<6,0>, prof:1, snd_ch_cfg:0x0[0m
[0;32mI (54977) wifi:state: init -> auth (0xb0)[0m
54462,2.946,26.807,79.346
[0;32mI (55005) wifi:state: auth -> assoc (0x0)[0m
54488,2.947,26.831,79.346
[0;32mI (55022) wifi:state: assoc -> run (0x10)[0m
54513,2.947,26.855,79.346
[0;32mI (55053) wifi:connected with Stella, aid = 7, channel 6, BW20, bssid = 30:96:10:88:01:0c[0m
[0;32mI (55053) wifi:security: WPA2-PSK, phy: bgn, rssi: -89[0m
[0;32mI (55058) wifi:pm start, type: 1[0m

[0;32mI (55061) wifi:AP's beacon interval = 102400 us, DTIM period = 1[0m
54541,2.947,26.807,79.346
54573,2.947,26.807,79.346
54596,2.947,26.807,79.346
54619,2.947,26.831,79.346
54642,2.946,26.807,79.346
54667,2.947,26.807,79.346
54690,2.949,26.782,79.346
54713,2.947,26.733,78.735
54736,2.949,26.758,79.346
54759,2.950,26.758,78.735
54783,2.949,26.611,78.735
54806,2.951,26.709,78.735
54829,2.949,26.587,78.735
54852,2.950,26.538,78.735
54876,2.954,26.489,78.125
54899,2.953,26.440,78.125
54922,2.951,26.465,78.125
54946,2.953,26.587,78.735
54970,2.956,26.562,78.735
54994,2.954,26.440,78.125
55017,2.951,26.587,78.735
55040,2.953,26.660,78.735
55068,2.954,26.587,78.125
55094,2.953,26.489,78.125
55117,2.955,26.611,78.735
55140,2.954,26.440,78.125
55163,2.951,26.489,78.125
55188,2.955,26.562,78.125
55211,2.953,26.440,78.125
55234,2.951,26.514,78.735
55257,2.953,26.685,78.735
55282,2.954,26.660,78.735
55305,2.955,26.660,78.735
55328,2.956,26.660,78.735
55351,2.954,26.489,78.125
55374,2.951,26.538,78.125
55398,2.954,26.611,78.735
55421,2.955,26.685,78.735
55444,2.954,26.685,78.735
55467,2.953,26.416,78.125
55491,2.957,26.514,78.125
55514,2.954,26.538,78.735
55537,2.956,26.538,78.735
55560,2.953,26.440,78.125
55584,2.957,26.416,78.125
55607,2.960,26.318,78.125
55630,2.957,26.270,78.125
55653,2.956,26.294,78.125
55677,2.957,26.318,78.125
55700,2.959,26.416,78.125
55724,2.960,26.245,78.125
55747,2.963,26.245,78.125
55770,2.959,26.172,77.515
55795,2.959,26.416,78.125
55818,2.957,26.587,78.735
55841,2.953,26.440,78.125
55864,2.957,26.465,78.125
55888,2.961,26.099,77.515
55911,2.969,25.952,76.904
55934,2.971,26.025,76.904
55957,2.969,25.781,76.904
55980,2.980,25.610,76.904
56004,2.977,25.659,76.294
56027,2.970,25.781,76.904
56050,2.973,25.781,76.294
56074,2.974,25.879,76.904
56097,2.969,26.001,76.904
56123,2.967,26.099,77.515
[0;32mI (56658) esp_netif_handlers: sta ip: 192.168.5.106, mask: 255.255.255.0, gw: 192.168.5.1[0m
[0;32mI (56659) profiler: WiFi connected — IP: 192.168.5.106[0m
56146,2.964,26.001,77.515
56169,2.969,26.001,77.515
56192,2.966,25.879,76.904
56216,2.969,25.928,77.515
56239,2.971,25.854,76.904
56262,2.973,25.781,76.904
56285,2.974,25.830,76.904
56309,2.973,25.659,76.904
56332,2.970,25.757,76.904
56355,2.970,26.001,77.515
56378,2.967,25.977,76.904
56403,2.966,26.172,78.125
56426,2.965,26.099,77.515
56449,2.966,25.903,77.515
56472,2.973,25.830,76.904
56495,2.975,25.684,76.294
56519,2.981,25.391,76.294
56542,2.984,25.488,75.684
56565,2.979,25.415,75.684
56588,2.976,25.806,76.904
56612,2.974,25.806,76.904
56635,2.973,25.952,76.904
56658,2.971,25.977,77.515
56681,2.967,25.928,76.904
56704,2.969,26.074,76.904
56728,2.966,26.172,78.125
56751,2.967,25.806,76.904
56774,2.980,25.513,76.294
56797,2.981,25.464,76.294
56821,2.981,25.439,76.294
56844,2.991,25.098,75.073
56867,2.980,25.464,76.904
56890,2.966,26.050,77.515
56915,2.961,26.392,77.515
56938,2.976,25.757,76.904
56961,2.965,26.147,77.515
56984,2.961,26.343,78.125
57007,2.950,26.807,79.346
57031,2.947,27.026,79.956
57054,2.936,27.319,79.956
57079,2.920,27.979,81.787
57102,2.924,27.881,81.787
57127,2.922,27.881,81.787
57151,2.924,27.832,81.177
57174,2.922,27.930,81.787
57197,2.922,27.832,81.177
57221,2.928,27.710,81.177
57244,2.925,27.734,81.177
57267,2.931,27.588,81.177
57290,2.934,27.393,79.956
57313,2.935,27.393,79.956
57337,2.935,27.393,79.956
57360,2.935,27.441,80.566
57383,2.932,27.515,81.177
57406,2.929,27.637,81.177
57431,2.920,28.003,81.787
57454,2.916,28.101,81.787
57477,2.918,28.101,81.787
57500,2.919,28.076,81.787
57523,2.924,27.832,81.177
57547,2.930,27.563,81.177
57570,2.941,27.100,79.956
57593,2.944,27.002,79.956
57616,2.934,27.466,81.177
57640,2.940,27.222,79.956
57663,2.946,26.880,78.735
57686,2.945,27.002,79.346
57709,2.944,27.051,79.956
57733,2.944,27.051,79.346
57756,2.950,26.831,78.735
57779,2.946,26.904,78.735
57802,2.951,26.758,78.735
57825,2.955,26.562,78.735
57849,2.955,26.611,78.735
57872,2.940,27.026,79.346
57895,2.939,27.148,79.956
57918,2.946,27.026,79.346
57941,2.946,27.051,79.956
57964,2.971,25.928,76.904
57987,2.969,26.001,77.515
58010,2.987,25.293,75.684
58033,2.985,25.293,75.684
58060,2.985,25.342,76.294
58083,2.990,25.195,75.073
58106,2.987,25.220,75.073
58130,2.987,25.122,75.684
58154,2.966,26.196,78.125
58177,2.963,26.221,77.515
58200,2.973,25.806,76.904
58223,2.975,25.854,76.904
58247,2.975,25.659,76.904
58270,2.976,25.781,76.904
58293,2.974,25.684,76.294
58316,2.975,25.830,76.904
58339,2.974,25.830,76.904
58363,2.975,25.879,76.904
58386,2.973,25.732,76.294
58409,2.975,25.879,76.904
58432,2.970,26.001,76.904
58457,2.971,25.928,76.904
58480,2.970,25.830,76.904
58503,2.971,25.928,76.904
58526,2.969,25.830,76.904
58549,2.973,25.928,76.904
58573,2.973,25.903,76.904
58596,2.970,26.001,77.515
58619,2.971,26.050,77.515
58642,2.969,25.928,76.904
58666,2.973,25.928,76.904
58689,2.973,25.854,76.904
58712,2.970,25.830,76.904
58735,2.976,25.732,76.294
58759,2.974,25.879,76.904
58782,2.971,25.928,77.515
58805,2.969,25.854,76.904
58828,2.971,25.952,76.904
58851,2.966,25.952,76.904
58875,2.967,26.221,78.125
58898,2.960,26.294,78.735
58921,2.956,26.562,78.735
58944,2.945,27.002,79.346
58969,2.939,27.319,79.956
58992,2.935,27.466,81.177
59015,2.932,27.588,81.177
59038,2.929,27.710,81.177
59063,2.928,27.783,81.177
59087,2.926,27.832,81.177
59110,2.924,27.856,81.177
59133,2.925,27.881,81.787
59157,2.925,27.881,81.787
59181,2.928,27.905,81.787
59204,2.926,27.905,81.787
59227,2.926,27.930,81.787
59250,2.925,27.954,81.787
59274,2.925,27.954,81.787
59297,2.925,27.930,81.787
59320,2.925,27.954,81.787
59343,2.926,27.930,81.787
59366,2.926,27.905,81.787
59390,2.930,27.783,81.177
59413,2.934,27.563,81.177
59436,2.938,27.441,81.177
59459,2.941,27.295,79.956
59483,2.945,27.173,79.956
59506,2.945,27.100,79.956
59529,2.947,27.026,79.956
59552,2.950,26.929,78.735
59576,2.953,26.831,78.735
59600,2.954,26.758,78.735
59623,2.955,26.709,78.735
59646,2.957,26.611,78.735
59669,2.959,26.538,78.735
59693,2.960,26.465,78.125
59716,2.961,26.392,78.125
59739,2.964,26.611,78.735
59762,2.957,26.660,78.735
59787,2.959,26.660,78.735
59810,2.960,26.685,78.735
59833,2.960,26.514,78.735
59856,2.960,26.440,78.125
59879,2.965,26.440,78.735
59903,2.964,26.245,78.125
59926,2.971,26.001,77.515
59949,2.980,25.610,76.294
59972,2.975,25.757,76.904
59996,2.976,25.928,77.515
60019,2.980,25.635,76.904
60042,2.980,25.806,76.904
60065,2.979,25.635,76.904
60090,2.980,25.635,76.294
60114,2.979,25.610,76.294
60137,2.981,25.708,76.904
60160,2.980,25.659,76.904
60183,2.977,25.879,76.904
60207,2.973,26.001,77.515
60230,2.970,26.099,77.515
60254,2.974,26.074,77.515
60277,2.970,26.196,77.515
60301,2.971,26.221,78.125
60324,2.967,26.147,77.515
60347,2.966,26.074,77.515
60370,2.967,26.318,78.125
60394,2.963,26.416,78.735
60417,2.960,26.392,78.125
60440,2.959,26.343,78.125
60463,2.964,26.489,78.125
60486,2.967,26.416,78.735
60510,2.974,26.099,78.125
60533,2.969,26.050,78.125
60556,2.971,26.074,77.515
60579,2.973,26.147,78.125
60602,2.967,26.025,76.904
60625,2.973,26.147,76.904
60648,2.970,26.074,77.515
60671,2.969,26.172,78.125
60694,2.967,26.025,76.904
60718,2.973,25.903,77.515
60741,2.967,26.343,78.125
60764,2.970,26.221,78.125
60787,2.966,26.123,78.125
60811,2.973,26.099,78.125
60834,2.975,25.806,76.904
60857,2.966,26.318,78.125
60880,2.975,25.806,76.904
60903,2.977,25.757,76.904
60927,2.977,25.732,76.904
60950,2.967,26.001,77.515
60973,2.971,26.001,77.515
60996,2.970,26.099,77.515
61019,2.970,26.221,78.125
61042,2.967,26.074,77.515
61065,2.970,26.245,77.515
61088,2.966,26.123,77.515
61111,2.969,26.270,78.125
61135,2.970,26.245,77.515
61158,2.966,26.147,77.515
61181,2.969,26.294,78.125
61204,2.969,26.196,77.515
61228,2.966,26.294,78.125
61251,2.965,26.147,77.515
61274,2.969,26.343,78.125
61297,2.965,26.392,78.125
61320,2.964,26.367,78.735
61343,2.965,26.416,78.125
61366,2.966,26.440,78.735
61389,2.966,26.416,78.735
61412,2.966,26.440,78.125
61436,2.965,26.343,78.125
61459,2.966,26.440,78.735
61482,2.963,26.318,78.125
61505,2.963,26.270,78.125
61530,2.966,26.367,78.125
61553,2.963,26.294,78.735
61576,2.964,26.245,78.125
61599,2.965,26.416,78.735
61623,2.964,26.270,77.515
61646,2.965,26.367,78.125
61669,2.964,26.270,77.515
61692,2.967,26.392,78.735
61715,2.963,26.221,78.125
61739,2.965,26.294,78.125
61762,2.963,26.367,78.125
61785,2.966,26.416,78.125
61808,2.963,26.270,78.125
61831,2.964,26.392,78.125
61854,2.967,26.392,78.735
61877,2.966,26.392,78.125
61900,2.965,26.367,77.515
61923,2.963,26.245,77.515
61947,2.964,26.270,77.515
61970,2.963,26.270,77.515
61993,2.966,26.294,77.515
62016,2.964,26.392,78.735
62041,2.964,26.245,77.515
62064,2.971,26.025,77.515
62087,2.967,26.123,77.515
62110,2.961,26.831,79.346
62133,2.955,26.855,78.735
62157,2.957,26.709,79.346
62180,2.963,26.660,78.735
62203,2.961,26.440,78.125
62226,2.973,26.123,77.515
62250,2.969,26.221,78.125
62273,2.973,26.343,78.125
62296,2.969,26.343,77.515
62319,2.971,26.196,78.125
62343,2.961,26.367,78.125
62366,2.961,26.538,78.125
62389,2.964,26.465,78.735
62412,2.963,26.514,78.735
62435,2.963,26.587,78.735
62459,2.961,26.514,78.735
62482,2.961,26.465,78.735
62505,2.960,26.440,78.125
62528,2.964,26.367,78.125
62553,2.963,26.392,78.125
62576,2.964,26.392,78.735
62599,2.976,25.977,77.515
62622,2.975,26.050,77.515
62645,2.977,25.757,76.904
62668,2.977,25.757,76.904
62691,2.964,26.294,78.125
62714,2.965,26.318,78.735
62737,2.971,26.221,78.125
62761,2.981,25.659,76.904
62784,2.965,26.343,78.735
62807,2.959,26.587,78.735
62830,3.332,10.522,34.180
62855,3.370,5.811,18.921
62878,3.453,-0.073,0.000
62901,3.451,-0.073,0.000
62924,3.453,-0.073,0.000
62947,3.453,-0.073,0.000
62971,3.453,-0.073,0.000
62994,2.985,25.342,76.294
63017,2.979,25.781,77.515
63040,2.970,25.806,76.904
63063,2.966,26.074,77.515
63086,2.981,25.659,76.294
63109,2.975,26.001,76.294
63132,2.969,25.854,76.904
63155,2.970,26.245,78.125
63179,2.969,26.221,78.125
63202,2.967,26.172,78.125
63225,2.966,26.245,78.125
63248,2.967,26.221,78.125
63273,2.967,26.196,78.125
63296,2.967,26.074,77.515
63319,2.973,26.270,78.735
63342,2.967,26.221,78.125
63367,2.967,26.343,78.735
63390,2.967,26.196,77.515
63413,2.965,26.294,78.125
63436,2.963,26.172,77.515
63459,2.967,26.416,78.735
63483,2.960,26.489,78.735
63506,2.960,26.538,78.735
63529,2.957,26.392,78.125
63552,2.959,26.538,78.735
63577,2.959,26.562,78.735
63600,2.965,26.611,78.735
63623,2.966,26.489,78.125
63646,2.961,26.489,78.735
63669,2.970,26.416,78.735
63692,2.967,26.416,78.125
63715,2.960,26.294,77.515
63738,2.961,26.733,79.346
63761,2.963,26.538,78.735
63785,2.959,26.440,78.125
63808,2.956,26.416,78.735
63831,2.959,26.855,79.346
63854,2.954,26.831,79.346
63879,2.954,26.831,79.346
63902,2.955,26.855,79.346
63925,2.959,26.831,79.346
63948,2.955,26.782,79.346
63971,2.955,26.709,79.346
63995,2.959,26.489,78.125
64018,2.960,26.587,78.735
64041,2.963,26.611,78.735
64064,2.957,26.538,78.735
64088,2.957,26.733,79.346
64111,2.959,26.758,79.346
64134,2.957,26.733,79.346
64157,2.957,26.660,78.735
64180,2.956,26.587,78.735
64204,2.959,26.562,78.735
64227,2.963,26.562,78.735
64250,2.959,26.440,78.125
64273,2.961,26.562,78.735
64297,2.970,26.392,78.735
64320,2.965,26.465,78.735
64343,2.966,25.952,77.515
64366,2.976,26.074,77.515
64391,2.965,26.318,78.125
64414,2.964,26.367,78.125
64437,2.975,25.806,76.904
64460,2.979,25.781,76.904
64483,2.973,25.757,76.904
64507,2.965,26.294,77.515
64530,2.983,25.610,76.294
64553,2.997,25.171,76.294
64576,2.981,25.659,76.294
64600,2.980,25.562,76.294
64623,2.973,25.903,77.515
64646,2.984,25.488,76.294
64669,2.969,26.294,78.125
64692,2.983,25.415,76.294
64716,2.989,25.439,76.294
64739,2.990,25.415,76.294
64762,2.989,25.391,76.294
64785,2.965,26.221,77.515
64809,2.976,25.757,76.904
64832,2.975,26.172,78.735
64855,2.969,26.123,77.515
64878,2.980,26.050,78.125
64903,2.983,25.439,76.294
64926,2.979,25.684,76.294
64949,2.987,25.366,75.684
64972,2.976,25.684,76.904
64995,2.970,26.050,77.515
65019,2.973,26.123,77.515
65042,2.976,26.123,77.515
65065,2.970,25.757,77.515
65088,2.975,26.147,77.515
65111,2.981,26.025,77.515
65135,2.976,25.635,76.294
65158,2.979,25.903,76.904
65181,2.971,25.952,77.515
65204,2.971,26.099,77.515
65228,2.970,26.123,78.125
65251,2.973,26.221,78.125
65274,2.967,26.147,77.515
65297,2.966,26.196,77.515
65321,2.969,26.123,77.515
65344,2.969,26.318,78.735
65367,2.971,26.318,78.735
65390,2.969,26.294,78.125
65415,2.970,26.270,78.125
65438,2.966,26.172,77.515
65461,2.965,26.270,78.125
65484,2.966,26.147,77.515
65507,2.966,26.318,78.125
65530,2.969,26.294,78.735
65553,2.967,26.367,78.735
65576,2.969,26.367,78.735
65599,2.966,26.367,78.735
65622,2.969,26.343,78.125
65645,2.965,26.294,78.125
65668,2.966,26.367,78.735
65691,2.966,26.343,78.125
65714,2.971,26.416,78.735
65738,2.966,26.416,78.125
65761,2.964,26.196,77.515
65784,2.970,26.440,78.735
65807,2.965,26.367,78.735
65832,2.971,26.392,78.735
65855,2.965,26.221,78.125
65878,2.967,26.318,77.515
65901,2.969,26.147,77.515
65925,2.965,26.318,78.125
65948,2.965,26.416,78.125
65971,2.969,26.221,78.125
65994,2.966,26.245,78.125
66017,2.964,26.221,78.125
66041,2.965,26.245,78.125
66064,2.973,26.270,78.125
66087,2.973,26.001,77.515
66110,2.975,26.001,77.515
66133,2.977,26.001,77.515
66156,2.975,26.001,77.515
66179,2.976,25.952,77.515
66202,2.975,25.928,77.515
66225,2.973,25.903,77.515
66249,2.976,26.074,78.125
66272,2.974,25.879,76.904
66295,2.970,25.903,76.904
66318,2.975,25.903,76.904
66343,2.971,25.879,77.515
66366,2.967,25.977,77.515
66389,2.973,26.050,77.515
66412,2.973,26.099,77.515
66436,2.974,26.123,78.125
66459,2.970,26.221,78.125
66482,2.970,26.196,77.515
66505,2.970,26.147,77.515
66528,2.970,26.147,77.515
66552,2.969,26.172,77.515
66575,2.967,26.270,77.515
66598,2.970,26.318,78.125
66621,2.970,26.343,77.515
66644,2.966,26.392,78.735
66667,2.966,26.245,78.125
66690,2.967,26.392,78.735
66713,2.967,26.270,78.125
66736,2.970,26.343,78.125
66760,2.966,26.318,78.125
66783,2.969,26.392,78.735
66806,2.965,26.318,78.125
66829,2.965,26.245,78.125
66853,2.967,26.392,78.125
66876,2.967,26.318,78.125
66899,2.966,26.416,78.125
66922,2.967,26.270,78.125
66945,2.966,26.270,77.515
66969,2.969,26.343,78.125
66992,2.967,26.270,77.515
67015,2.969,26.270,78.125
67038,2.971,26.294,77.515
67062,2.967,26.270,78.125
67085,2.969,26.172,77.515
67108,2.971,26.196,78.125
67131,2.971,26.196,78.125
67156,2.967,26.147,77.515
67180,2.973,26.221,78.125
67203,2.971,26.294,78.125
67226,2.971,26.270,78.125
67249,2.971,26.245,78.125
67273,2.967,26.147,78.125
67296,2.967,26.172,77.515
67319,2.970,26.270,78.125
67342,2.967,26.172,78.125
67367,2.971,26.440,78.735
67390,2.969,26.172,78.125
67413,2.966,26.172,77.515
67436,2.970,26.416,78.735
67460,2.967,26.147,77.515
67484,2.973,26.147,78.125
67507,2.971,26.367,78.125
67530,2.971,26.099,77.515
67553,2.967,26.196,77.515
67577,2.965,26.099,77.515
67600,2.969,26.270,78.125
67623,2.973,26.416,78.735
67646,2.974,26.196,77.515
67669,2.965,26.221,78.125
67692,2.965,26.099,77.515
67715,2.964,26.270,78.125
67738,2.970,26.367,77.515
67761,2.966,26.440,78.735
67785,2.967,26.514,78.735
67808,2.963,26.538,78.735
67831,2.961,26.465,78.735
67854,2.966,26.562,78.735
67879,2.963,26.489,78.125
67902,2.961,26.367,78.125
67925,2.966,26.514,78.735
67948,2.964,26.562,78.735
67973,2.963,26.367,78.125
67996,2.961,26.514,78.735
68019,2.961,26.392,78.125
68042,2.960,26.489,78.735
68065,2.961,26.367,78.125
68089,2.961,26.562,78.735
68112,2.964,26.440,78.125
68135,2.963,26.709,79.346
68158,2.959,26.587,78.735
68181,2.961,26.709,79.346
68204,2.960,26.660,79.346
68227,2.957,26.611,78.735
68250,2.960,26.685,79.346
68273,2.960,26.685,79.346
68297,2.957,26.660,78.735
68320,2.957,26.611,78.735
68343,2.959,26.685,79.346
68366,2.959,26.709,79.346
68391,2.960,26.685,79.346
68414,2.959,26.611,78.735
68437,2.959,26.587,79.346
68460,2.961,26.709,79.346
68484,2.960,26.709,79.346
68507,2.957,26.562,78.735
68530,2.960,26.660,79.346
68553,2.961,26.733,79.346
68576,2.960,26.660,78.735
68600,2.957,26.538,78.735
68623,2.959,26.660,79.346
68646,2.960,26.733,79.346
68669,2.961,26.709,79.346
68692,2.960,26.611,78.735
68715,2.959,26.587,78.735
68738,2.960,26.660,78.735
68761,2.961,26.733,79.346
68784,2.960,26.660,78.735
68808,2.959,26.587,78.735
68831,2.957,26.538,78.735
68854,2.960,26.660,79.346
68877,2.961,26.709,79.346
68902,2.961,26.660,79.346
68925,2.959,26.587,78.735
68948,2.963,26.587,79.346
68971,2.961,26.611,78.735
68994,2.959,26.489,78.125
69018,2.963,26.685,79.346
69041,2.960,26.562,78.735
69064,2.964,26.611,79.346
69087,2.961,26.514,78.125
69111,2.961,26.611,78.735
69134,2.961,26.489,78.735
69157,2.964,26.538,78.735
69181,2.964,26.514,78.735
69204,2.966,26.489,78.735
69227,2.963,26.367,78.125
69250,2.969,26.392,78.735
69273,2.970,26.294,78.125
69296,2.967,25.977,77.515
69320,2.965,26.343,78.125
69343,2.975,25.879,76.904
69366,2.971,26.343,78.125
69389,2.956,26.685,78.735
69414,2.965,26.270,78.125
69437,2.970,26.123,77.515
69460,2.967,26.318,78.125
69483,2.973,25.977,77.515
69506,2.964,26.416,78.125
69530,2.965,26.538,78.125
69553,2.957,26.538,78.735
69576,2.957,26.611,78.735
69599,2.961,26.562,78.735
69623,2.959,26.587,79.346
69646,2.960,26.587,78.735
69669,2.964,26.611,78.735
69693,2.959,26.440,78.125
69716,2.961,26.660,78.735
69739,2.960,26.538,78.735
69762,2.961,26.514,78.735
69785,2.960,26.587,79.346
69808,2.960,26.611,78.735
69832,2.964,26.611,78.735
69855,2.959,26.489,78.735
69878,2.960,26.685,78.735
69901,2.957,26.587,78.735
69926,2.963,26.611,78.735
69949,2.959,26.587,79.346
69972,2.957,26.660,78.735
69995,2.961,26.733,79.346
70018,2.957,26.831,79.346
70042,2.959,26.733,79.346
70065,2.960,26.685,78.735
70088,2.957,26.782,79.346
70111,2.956,26.880,79.346
70135,2.954,27.100,79.956
70158,2.949,27.100,79.956
70181,2.949,27.295,80.566
70205,2.940,27.441,81.177
70228,2.936,27.661,81.177
70251,2.922,28.247,82.397
70274,2.901,28.979,84.229
70297,2.894,29.321,84.839
70320,2.888,29.395,84.839
70344,2.880,29.590,85.449
70367,2.908,29.272,84.839
70390,2.905,28.809,83.618
70413,2.896,29.102,84.229
70436,2.881,29.688,86.060
70459,2.882,29.565,84.839
70482,2.879,29.736,86.060
70505,2.874,29.956,86.060
70528,2.866,30.200,87.280
70551,2.862,30.298,87.280
70574,2.868,30.151,86.670
70597,2.868,30.176,86.670
70620,2.871,30.078,86.060
70645,2.869,30.127,86.060
70668,2.868,30.151,86.060
70691,2.869,30.029,86.060
70714,2.861,30.225,87.280
70738,2.848,30.664,87.280
70761,2.850,30.591,87.280
70784,2.861,30.273,87.280
70807,2.860,30.322,87.280
70830,2.856,30.371,87.280
70854,2.856,30.444,87.280
70877,2.858,30.371,87.280
70900,2.855,30.469,87.280
70923,2.856,30.420,87.280
70946,2.856,30.420,87.280
70969,2.855,30.469,87.280
70992,2.854,30.493,87.280
71015,2.854,30.542,87.280
71038,2.852,30.591,87.280
71062,2.850,30.640,87.280
71085,2.851,30.640,87.280
71108,2.850,30.688,87.280
71131,2.849,30.737,87.280
71156,2.850,30.688,87.280
71179,2.850,30.713,87.280
71202,2.851,30.688,87.280
71225,2.850,30.688,87.280
71249,2.849,30.688,87.280
71272,2.850,30.713,87.280
71295,2.854,30.591,87.280
71318,2.854,30.542,87.280
71341,2.854,30.493,87.280
71365,2.869,29.688,85.449
71388,2.876,29.736,86.060
71411,2.890,29.175,84.839
71434,2.894,29.102,84.229
71457,2.890,29.272,84.839
71480,2.889,29.272,84.839
71503,2.890,29.248,84.839
71526,2.886,29.077,84.229
71549,2.872,28.882,83.008
71573,2.878,28.955,83.008
71596,2.876,29.126,84.229
71619,2.879,29.102,84.229
71642,2.885,28.784,83.008
71667,2.899,28.296,81.787
71690,3.388,4.517,15.259
71713,2.864,29.663,84.839
71736,2.854,29.956,85.449
71759,2.869,29.517,84.839
71783,2.861,29.590,84.839
71806,2.861,29.614,84.839
71829,2.856,29.810,84.839
71852,2.855,29.858,84.839
71876,2.874,29.126,83.618
71899,2.861,29.565,84.839
71922,2.864,29.492,84.229
71946,2.849,30.151,86.060
71969,2.859,29.858,85.449
71992,2.848,30.273,86.060
72015,2.870,29.492,84.229
72038,2.866,29.614,84.839
72061,2.862,29.761,84.839
72085,2.859,29.907,86.060
72108,2.856,29.980,86.060
72131,2.859,29.932,85.449
72154,2.859,29.932,85.449
72179,2.859,29.932,86.060
72202,2.856,29.932,85.449
72225,2.854,30.005,86.060
72248,2.856,29.932,86.060
72271,2.856,29.907,84.839
72295,2.856,29.956,85.449
72318,2.855,29.980,85.449
72341,2.852,30.078,86.060
72364,2.854,30.005,86.060
72388,2.855,29.956,85.449
72411,2.855,29.956,84.839
72434,2.854,29.980,85.449
72458,2.854,29.980,85.449
72481,2.854,29.956,85.449
72504,2.855,29.907,84.839
72527,2.851,30.029,86.060
72550,2.852,30.029,86.060
72573,2.852,30.029,86.060
72597,2.855,29.932,85.449
72620,2.861,29.712,84.839
72643,2.868,29.492,84.839
72666,2.870,29.297,84.229
72690,2.869,29.443,84.229
72713,2.872,29.199,84.229
72736,2.874,29.346,84.229
72759,2.872,29.272,84.229
72782,2.871,29.395,84.229
72805,2.870,29.419,84.229
72828,2.869,29.419,84.229
72851,2.861,29.736,84.839
72874,2.854,30.005,86.060
72898,2.851,30.029,86.060
72921,2.850,30.005,86.060
72944,2.851,30.005,86.060
72967,2.852,29.932,84.839
72991,2.854,29.883,84.839
73014,2.855,29.858,84.839
73037,2.851,29.932,84.839
73060,2.854,29.858,84.839
73083,2.854,29.834,84.839
73107,2.854,29.834,84.839
73130,2.855,29.810,84.839
73153,2.858,29.688,84.839
73176,2.872,29.199,84.229
73199,2.874,29.150,84.229
73222,2.874,29.175,84.229
73245,2.869,29.321,84.229
73268,2.866,29.395,84.229
73291,2.860,29.565,84.839
73314,2.859,29.639,84.839
73337,2.864,29.468,84.229
73360,2.856,29.736,84.839
73383,2.855,29.883,84.839
73406,2.855,29.907,84.839
73430,2.852,29.932,84.839
73453,2.852,30.029,85.449
73476,2.850,30.005,86.060
73499,2.861,29.663,84.839
73523,2.860,29.663,84.839
73546,2.856,29.834,84.839
73569,2.856,29.858,84.839
73592,2.850,30.005,86.060
73616,2.850,30.029,86.060
73639,2.852,29.980,85.449
73662,2.852,29.956,85.449
73685,2.854,29.932,84.839
73710,2.852,29.932,84.839
73733,2.855,29.932,85.449
73756,2.855,29.883,84.839
73779,2.854,29.932,84.839
73802,2.854,29.932,85.449
73826,2.854,29.883,84.839
73849,2.854,29.932,84.839
73872,2.854,29.858,85.449
73895,2.848,30.151,86.060
73920,2.846,30.200,86.060
73943,2.845,30.200,86.060
73966,2.845,30.249,86.060
73989,2.844,30.322,86.060
74012,2.842,30.273,86.060
74036,2.844,30.249,86.060
74059,2.841,30.347,86.060
74082,2.839,30.347,86.060
74105,2.841,30.298,86.060
74129,2.845,30.127,85.449
74152,2.850,29.858,84.839
74175,2.856,29.810,84.839
74199,2.856,29.761,84.839
74222,2.865,29.248,84.229
74245,2.869,29.272,84.229
74268,2.862,29.517,84.229
74291,2.872,29.126,84.229
74314,3.017,3.589,12.207
74338,3.372,4.468,15.259
74361,2.878,28.857,83.008
74384,2.870,29.028,83.008
74407,2.862,29.419,84.229
74432,2.855,29.565,84.229
74455,2.854,29.590,84.229
74478,2.858,29.443,84.229
74501,2.864,29.297,84.229
74524,2.878,28.857,83.008
74548,2.871,29.053,83.008
74571,2.874,28.931,83.008
74594,2.874,28.931,83.008
74617,2.874,28.955,83.008
74641,2.865,29.199,84.229
74664,2.868,29.150,84.229
74687,2.866,29.199,84.229
74711,2.865,29.224,84.229
74735,2.865,29.224,84.229
74758,2.866,29.199,84.229
74781,2.866,29.175,84.229
74804,2.865,29.224,84.229
74827,2.862,29.272,84.229
74851,2.862,29.297,84.229
74874,2.862,29.321,84.229
74897,2.862,29.272,84.229
74920,2.860,29.395,84.229
74944,2.855,29.492,84.229
74967,2.854,29.565,84.229
74990,2.850,29.688,84.839
75013,2.849,29.688,84.839
75036,2.849,29.712,84.839
75060,2.848,29.810,84.839
75083,2.845,29.883,84.839
75106,2.845,29.858,84.839
75129,2.850,29.688,84.839
75153,2.849,29.712,84.839
75176,2.848,29.761,84.839
75199,2.848,29.761,84.839
75223,2.849,29.761,84.839
75246,2.846,29.810,84.839
75269,2.845,29.810,84.839
75292,2.845,29.858,84.839
75315,2.845,29.858,84.839
75338,2.845,29.858,84.839
75362,2.846,29.810,84.839
75385,2.842,29.907,84.839
75408,2.842,29.907,84.839
75431,2.842,29.956,84.839
75454,2.839,30.005,84.839
75477,2.841,29.932,84.839
75500,2.846,29.761,84.839
75523,2.840,29.932,84.839
75546,2.842,29.883,84.839
75570,2.840,29.980,84.839
75593,2.839,29.956,84.839
75616,2.839,29.980,84.839
75639,2.856,29.395,84.229
75663,2.856,29.370,84.229
75686,2.858,29.370,84.229
75709,2.864,29.150,83.618
75732,2.861,29.199,84.229
75756,2.852,29.614,84.229
75779,2.839,29.956,84.839
75802,2.866,29.077,83.618
75825,2.848,29.590,84.229
75848,2.858,29.395,83.618
75872,2.861,29.199,83.618
75895,2.850,29.565,84.229
75918,2.855,29.395,84.229
75941,2.856,29.321,84.229
75964,2.845,29.639,84.229
75987,2.835,29.956,84.839
76010,2.835,29.956,84.839
76033,2.829,30.103,84.839
76056,2.826,30.127,84.839
76080,2.821,30.103,84.839
76103,2.811,30.029,84.229
76126,2.809,29.980,84.229
76149,2.799,29.932,84.229
76173,2.797,30.029,84.229
76196,2.794,30.103,84.229
76219,2.790,30.103,84.229
76242,2.790,30.078,84.229
76265,2.784,30.005,84.229
76289,2.789,30.029,84.229
76312,2.787,30.078,84.229
76335,2.793,30.200,84.229
76358,2.795,30.127,84.229
76382,2.794,30.298,84.839
76405,2.777,30.664,84.839
76428,2.775,30.957,86.060
76452,2.776,31.104,86.060
76475,2.779,31.299,87.280
76498,2.774,31.689,87.891
76521,2.785,31.543,87.891
76544,2.790,31.470,87.891
76567,2.790,31.494,87.891
76591,2.791,31.592,87.891
76614,2.791,31.616,87.891
76637,2.793,31.641,87.891
76660,2.794,31.665,87.891
76685,2.794,31.616,87.891
76708,2.794,31.567,87.891
76731,2.851,29.224,83.618
76754,3.369,4.346,15.259
76777,2.799,31.494,87.891
76801,2.797,31.519,87.891
76824,2.797,31.543,87.891
76847,2.797,31.519,87.891
76870,2.800,31.543,87.891
76894,2.803,31.470,87.891
76917,2.818,31.030,87.891
76940,2.842,30.273,86.060
76964,2.836,30.542,86.060
76987,2.838,30.518,86.670
77010,2.830,30.688,87.280
77033,2.832,30.542,86.670
77056,2.821,30.981,87.280
77079,2.818,31.006,87.280
77103,2.818,31.055,87.891
77126,2.821,30.957,87.280
77149,2.821,30.859,87.280
77172,2.820,30.859,87.280
77195,2.820,30.859,87.280
77218,2.818,30.859,87.280
77241,2.818,30.859,87.280
77264,2.818,30.835,87.280
77287,2.816,30.786,87.280
77310,2.815,30.786,87.280
77333,2.814,30.762,87.280
77356,2.803,30.664,86.060
77379,2.800,30.664,86.060
77404,2.801,30.664,86.060
77427,2.795,30.688,86.060
77450,2.800,30.664,86.060
77473,2.799,30.713,86.060
77497,2.793,30.762,86.060
77520,2.784,30.835,86.060
77543,2.777,30.762,85.449
77566,2.780,30.762,85.449
77589,2.790,30.884,86.060
77613,2.801,30.933,87.280
77636,2.822,30.518,86.060
77659,2.858,29.150,85.449
77682,2.957,28.662,84.839
77705,3.375,4.346,15.259
77728,2.844,29.810,84.839
77751,2.771,31.396,87.280
77774,2.756,31.592,87.280
77797,2.764,31.982,88.501
77820,2.741,32.202,88.501
77843,2.744,32.446,89.111
77866,2.735,32.520,89.111
77889,2.743,33.032,90.332
77914,2.740,32.471,89.111
77937,2.734,33.057,90.332
77960,2.739,33.081,90.942
77983,2.740,33.154,90.942
78006,2.733,33.081,90.942
78029,2.759,33.521,92.773
78052,2.774,33.765,93.994
78075,2.771,33.643,93.384
78098,2.771,33.691,93.384
78121,2.775,33.789,93.384
78144,2.774,33.691,93.384
78167,2.776,33.740,93.384
78190,2.779,33.838,93.994
78213,2.779,33.789,93.994
78236,2.779,33.740,93.384
78259,2.783,33.716,93.994
78282,2.780,34.058,94.604
78305,2.775,34.302,95.215
78329,3.342,6.396,21.362
78352,3.453,-0.073,0.000
78375,3.454,-0.073,0.000
78398,3.454,-0.049,0.000
78421,3.454,-0.073,0.000
78444,3.454,-0.073,0.000
78467,3.454,-0.073,0.000
78490,3.454,-0.073,0.000
78513,3.454,-0.073,0.000
78537,3.454,-0.073,0.000
78560,3.454,-0.073,0.000
78583,3.454,-0.073,0.000
78606,3.454,-0.073,0.000
78630,3.454,-0.073,0.000
78653,3.454,-0.073,0.000
78676,3.454,-0.073,0.000
78699,3.455,-0.049,0.000
78722,3.454,-0.073,0.000
78746,3.454,-0.049,0.000
78769,3.454,-0.073,0.000
78792,3.454,-0.073,0.000
78815,3.454,-0.073,0.000
78840,3.454,-0.049,0.000
78863,3.454,-0.049,0.000
78886,3.454,-0.073,0.000
78909,3.454,-0.073,0.000
78933,3.454,-0.049,0.000
78956,3.454,-0.073,0.000
78979,3.454,-0.098,0.000
79002,3.454,-0.073,0.000
79025,3.454,-0.073,0.000
79049,3.454,-0.073,0.000
79072,3.454,-0.073,0.000
79095,3.454,-0.073,0.000
79118,3.454,-0.073,0.000
79143,3.454,-0.073,0.000
79166,3.454,-0.049,0.000
79189,3.454,-0.049,0.000
79212,3.453,-0.049,0.000
79235,3.454,-0.049,0.000
79259,3.453,-0.049,0.000
79282,3.454,-0.049,0.000
79305,3.454,-0.049,0.000
79328,3.453,-0.049,0.000
79352,3.454,-0.024,0.000
79375,3.454,-0.024,0.000
79398,3.454,-0.024,0.000
79422,3.454,-0.049,0.000
79445,3.454,-0.024,0.000
79468,3.453,-0.049,0.000
79491,3.454,-0.024,0.000
79514,3.453,-0.049,0.000
79537,3.453,-0.049,0.000
79560,3.453,-0.024,0.000
79584,3.385,3.882,12.817
79607,3.237,6.519,21.973
79630,3.131,19.800,59.814
79655,3.315,8.081,26.855
79678,3.314,8.057,26.855
79701,3.312,8.032,26.855
79724,3.312,8.057,26.855
79747,3.314,8.057,26.855
79771,3.314,8.032,26.855
79794,3.314,8.057,26.855
79817,3.314,8.008,26.855
79840,3.315,8.032,26.855
79864,3.021,25.269,75.684
79887,3.213,15.625,48.828
79910,3.118,16.772,37.842
79934,2.981,23.584,69.580
79957,3.331,6.958,23.193
79980,3.102,20.142,59.814
80003,3.100,22.900,67.749
80026,3.332,6.934,23.193
80049,3.289,9.424,31.128
80073,3.290,9.424,31.128
80096,3.453,-0.024,0.000
80119,3.454,-0.049,0.000
80142,3.454,-0.024,0.000
80167,3.454,-0.024,0.000
80190,3.453,-0.024,0.000
80213,3.453,-0.024,0.000
80236,3.453,-0.049,0.000
80259,3.454,-0.049,0.000
80283,3.454,-0.049,0.000
80306,3.454,-0.024,0.000
80329,3.454,-0.073,0.000
80352,3.454,-0.073,0.000
80377,3.453,-0.073,0.000
80400,3.454,-0.049,0.000
80423,3.453,-0.049,0.000
80446,3.454,-0.049,0.000
80469,3.453,-0.049,0.000
80492,3.453,-0.073,0.000
80515,3.454,-0.049,0.000
80538,3.454,-0.073,0.000
80561,3.454,-0.049,0.000
80585,3.454,-0.049,0.000
80608,3.454,-0.073,0.000
80631,3.454,-0.049,0.000
80654,3.454,-0.049,0.000
80679,3.454,-0.049,0.000
80702,3.454,-0.049,0.000
80725,3.453,-0.049,0.000
80748,3.454,-0.049,0.000
80771,3.454,-0.049,0.000
80795,3.454,-0.049,0.000
80818,3.454,-0.024,0.000
80841,3.453,-0.049,0.000
80864,3.454,-0.024,0.000
80888,3.454,-0.049,0.000
80911,3.453,-0.049,0.000
80934,3.453,-0.049,0.000
80958,3.454,-0.049,0.000
80981,3.454,-0.049,0.000
81004,3.454,-0.049,0.000
81027,3.453,-0.049,0.000
81050,3.454,-0.049,0.000
81073,3.454,-0.073,0.000
81097,3.453,-0.049,0.000
81120,3.454,-0.049,0.000
81143,3.454,-0.049,0.000
81166,3.454,-0.073,0.000
81191,3.454,-0.049,0.000
81214,3.454,-0.049,0.000
81237,3.454,-0.024,0.000
81260,3.454,-0.049,0.000
81283,3.453,-0.049,0.000
81307,3.453,-0.049,0.000
81330,3.454,-0.049,0.000
81353,3.454,-0.049,0.000
81376,3.453,-0.049,0.000
81400,3.454,-0.024,0.000
81423,3.453,-0.049,0.000
81446,3.454,-0.049,0.000
81470,3.454,-0.049,0.000
81493,3.454,-0.049,0.000
81516,3.454,-0.073,0.000
81539,3.454,-0.049,0.000
81562,3.454,-0.049,0.000
81585,3.453,-0.049,0.000
81609,3.454,-0.049,0.000
81632,3.453,-0.049,0.000
81655,3.454,-0.049,0.000
81678,3.454,-0.024,0.000
81703,3.454,-0.049,0.000
81726,3.454,-0.049,0.000
81749,3.453,-0.049,0.000
81772,3.453,-0.049,0.000
81795,3.453,-0.049,0.000
81819,3.454,-0.049,0.000
81842,3.454,-0.073,0.000
81865,3.454,-0.049,0.000
81888,3.454,-0.049,0.000
81912,3.453,-0.073,0.000
81935,3.454,-0.049,0.000
81958,3.453,-0.049,0.000
81982,3.454,-0.049,0.000
82005,3.453,-0.049,0.000
82029,3.453,-0.049,0.000
82052,3.454,-0.049,0.000
82075,3.454,-0.049,0.000
82098,3.454,-0.049,0.000
82122,3.454,-0.073,0.000
82145,3.454,-0.049,0.000
82168,3.453,-0.049,0.000
82191,3.454,-0.024,0.000
82216,3.454,-0.049,0.000
82239,3.454,-0.049,0.000
82262,3.454,-0.049,0.000
82285,3.454,-0.073,0.000
82309,3.454,-0.049,0.000
82333,3.454,-0.049,0.000
82356,3.454,-0.049,0.000
82379,3.453,-0.073,0.000
82402,3.454,-0.049,0.000
82426,3.454,-0.073,0.000
82449,3.453,-0.049,0.000
82472,3.454,-0.073,0.000
82495,3.453,-0.049,0.000
82518,3.454,-0.049,0.000
82542,3.454,-0.049,0.000
82565,3.453,-0.073,0.000
82588,3.454,-0.049,0.000
82611,3.454,-0.049,0.000
82635,3.454,-0.049,0.000
82658,3.454,-0.049,0.000
82681,3.454,-0.049,0.000
82704,3.454,-0.049,0.000
82730,3.453,-0.024,0.000
82753,3.453,-0.049,0.000
82776,3.454,-0.024,0.000
82799,3.453,-0.049,0.000
82823,3.454,-0.049,0.000
82846,3.453,-0.049,0.000
82869,3.454,-0.049,0.000
82892,3.454,-0.049,0.000
82915,3.454,-0.049,0.000
82939,3.454,-0.049,0.000
82962,3.454,-0.049,0.000
82985,3.454,-0.049,0.000
83008,3.453,-0.049,0.000
83033,3.454,-0.049,0.000
83056,3.453,-0.049,0.000
83079,3.454,-0.049,0.000
83102,3.454,-0.024,0.000
83125,3.453,-0.024,0.000
83149,3.454,0.000,0.000
83172,3.453,-0.024,0.000
83195,3.453,0.000,0.000
83218,3.453,0.000,0.000
83243,3.372,4.688,15.869
83266,3.340,6.519,21.973
83289,3.375,4.492,15.259
83312,3.312,8.105,26.855
83337,3.312,8.105,26.855
83360,3.312,8.081,26.855
83383,3.314,8.008,26.855
83406,3.314,8.008,26.855
83429,3.315,7.983,26.245
83453,3.314,8.008,26.855
83476,3.314,8.008,26.855
83499,3.118,16.626,50.659
83522,3.009,24.048,73.242
83547,3.332,6.958,23.193
83570,3.146,19.043,58.594
83593,3.080,19.214,58.594
83616,3.332,6.934,23.193
83639,3.031,24.829,74.463
83663,2.994,22.119,65.918
83686,3.289,8.911,31.128
83709,3.290,9.399,31.128
83732,3.375,5.713,18.921
83756,3.453,-0.024,0.000
83779,3.453,-0.024,0.000
83802,3.453,-0.049,0.000
83825,3.453,-0.024,0.000
83849,3.453,-0.024,0.000
83872,3.453,-0.024,0.000
83895,3.454,-0.024,0.000
83918,3.453,-0.024,0.000
83941,3.453,-0.024,0.000
83965,3.454,-0.024,0.000
83988,3.453,-0.024,0.000
84011,3.453,-0.024,0.000
84034,3.454,-0.049,0.000
84059,3.454,-0.073,0.000
84082,3.454,-0.073,0.000
84105,3.454,-0.073,0.000
84128,3.455,-0.073,0.000
84151,3.454,-0.098,0.000
84175,3.454,-0.073,0.000
84198,3.454,-0.073,0.000
84221,3.454,-0.073,0.000
84244,3.453,-0.073,0.000
84269,3.453,-0.098,0.000
84292,3.454,-0.073,0.000
84315,3.454,-0.073,0.000
84338,3.454,-0.073,0.000
84361,3.454,-0.073,0.000
84384,3.454,-0.073,0.000
84407,3.454,-0.073,0.000
84430,3.454,-0.073,0.000
84453,3.454,-0.073,0.000
84477,3.454,-0.073,0.000
84500,3.454,-0.049,0.000
84523,3.454,-0.049,0.000
84546,3.455,-0.049,0.000
84570,3.454,-0.049,0.000
84593,3.453,-0.073,0.000
84616,3.454,-0.073,0.000
84639,3.454,-0.073,0.000
84662,3.454,-0.049,0.000
84686,3.454,-0.073,0.000
84709,3.454,-0.049,0.000
84732,3.454,-0.073,0.000
84755,3.454,-0.073,0.000
84779,3.453,-0.049,0.000
84802,3.454,-0.073,0.000
84825,3.454,-0.049,0.000
84848,3.454,-0.073,0.000
84873,3.454,-0.073,0.000
84896,3.454,-0.049,0.000
84919,3.454,-0.049,0.000
84942,3.454,-0.049,0.000
84965,3.454,-0.049,0.000
84989,3.454,-0.073,0.000
85012,3.454,-0.049,0.000
85035,3.454,-0.049,0.000
85058,3.454,-0.073,0.000
85083,3.453,-0.049,0.000
85106,3.453,-0.049,0.000
85129,3.454,-0.049,0.000
85152,3.454,-0.049,0.000
85175,3.453,-0.073,0.000
85199,3.454,-0.049,0.000
85222,3.453,-0.049,0.000
85245,3.454,-0.073,0.000
85268,3.454,-0.049,0.000
85292,3.454,-0.049,0.000
85315,3.386,3.857,12.817
85338,3.269,11.011,35.400
85361,3.180,16.968,51.880
85385,3.314,8.032,26.855
85408,3.314,8.008,26.855
85431,3.314,8.008,26.855
85454,3.312,7.983,26.245
85477,3.316,7.910,26.245
85501,3.315,7.910,26.245
85524,3.315,7.935,26.245
85547,3.315,7.935,26.245
85570,3.316,7.910,26.245
85595,3.062,24.292,74.463
85618,2.971,24.023,71.411
85641,3.140,18.335,56.152
85664,3.053,19.165,75.684
85687,3.335,6.885,23.193
85711,3.135,19.800,61.035
85734,3.132,20.068,53.711
85757,3.334,6.860,23.193
85780,3.291,9.326,31.128
85804,3.290,9.326,31.128
85827,3.454,-0.049,0.000
85850,3.454,-0.073,0.000
85873,3.454,-0.049,0.000
85897,3.454,-0.049,0.000
85920,3.453,-0.073,0.000
85943,3.453,-0.049,0.000
85966,3.454,-0.073,0.000
85989,3.454,-0.049,0.000
86013,3.454,-0.073,0.000
86036,3.454,-0.073,0.000
86059,3.454,-0.073,0.000
86082,3.454,-0.049,0.000
86107,3.454,-0.073,0.000
86130,3.454,-0.073,0.000
86153,3.454,-0.049,0.000
86176,3.454,-0.049,0.000
86199,3.453,-0.073,0.000
86223,3.454,-0.073,0.000
86246,3.455,-0.073,0.000
86269,3.454,-0.073,0.000
86292,3.454,-0.073,0.000
86316,3.454,-0.073,0.000
86339,3.454,-0.073,0.000
86362,3.454,-0.073,0.000
86385,3.454,-0.073,0.000
86409,3.453,-0.073,0.000
86432,3.454,-0.098,0.000
86455,3.454,-0.073,0.000
86478,3.454,-0.073,0.000
86501,3.454,-0.073,0.000
86525,3.454,-0.073,0.000
86548,3.454,-0.098,0.000
86571,3.454,-0.073,0.000
86594,3.454,-0.073,0.000
86618,3.454,-0.073,0.000
86641,3.455,-0.073,0.000
86664,3.454,-0.073,0.000
86687,3.454,-0.073,0.000
86710,3.454,-0.073,0.000
86734,3.454,-0.073,0.000
86757,3.454,-0.073,0.000
86780,3.454,-0.073,0.000
86803,3.453,-0.073,0.000
86827,3.453,-0.098,0.000
86850,3.455,-0.073,0.000
86873,3.249,7.349,55.542
86896,3.341,6.421,20.752
86921,3.370,8.447,15.259
86944,3.315,7.983,26.245
86967,3.315,7.983,26.245
86990,3.315,8.032,26.855
87013,3.316,7.910,26.245
87037,3.316,7.910,26.245
87060,3.316,7.910,26.245
87083,3.316,7.935,26.245
87106,3.316,7.910,26.245
87131,3.168,13.599,41.504
87154,2.849,31.470,89.111
87177,2.845,31.567,89.722
87200,2.844,31.445,89.722
87223,2.846,31.592,89.722
87247,2.845,31.592,89.722
87270,2.846,31.567,89.722
87293,2.846,31.519,89.722
87316,2.848,31.641,89.722
87340,2.846,31.641,89.722
87363,2.848,31.592,89.722
87386,2.845,31.543,89.722
87409,2.846,31.567,89.722
87433,2.844,31.543,89.722
87456,2.845,31.567,89.722
87479,2.849,31.641,89.722
87502,2.849,31.494,89.111
87525,2.848,31.567,89.722
87549,2.849,31.592,89.722
87572,2.848,31.543,89.722
87595,2.846,31.567,89.722
87618,2.850,31.567,89.722
87643,2.852,31.396,89.722
87666,2.849,31.494,89.722
87689,2.848,31.543,89.722
87712,2.848,31.592,89.722
87735,2.846,31.592,89.722
87759,2.845,31.616,89.722
87782,2.844,31.641,89.722
87805,2.845,31.665,89.722
87828,2.844,31.641,89.722
87852,2.845,31.641,89.722
87875,2.845,31.641,89.722
87898,2.844,31.689,89.722
87921,2.844,31.689,89.722
87945,2.844,31.714,89.722
87969,2.844,31.738,89.722
87992,2.842,31.763,89.722
88015,2.842,31.787,89.722
88038,2.840,31.885,90.332
88062,2.838,31.982,90.942
88085,2.836,32.007,90.942
88108,2.836,32.007,90.942
88131,2.838,31.982,90.942
88156,2.836,32.031,90.942
88179,2.836,32.031,90.942
88202,2.836,32.031,90.942
88225,2.836,32.031,90.942
88249,2.835,32.080,90.942
88272,2.835,32.080,90.942
88295,2.834,32.129,90.942
88318,2.834,32.129,90.942
88341,2.834,32.129,90.942
88365,2.832,32.129,90.942
88388,2.835,32.104,90.942
88411,2.836,32.153,90.942
88434,2.836,32.129,90.942
88457,2.836,32.056,90.942
88480,2.838,32.031,90.942
88503,2.839,32.031,90.942
88526,2.839,32.031,90.942
88549,2.839,32.031,90.942
88573,2.840,32.007,90.942
88596,2.839,32.007,90.942
88619,2.839,32.007,90.942
88642,2.839,32.007,90.942
88666,2.839,31.958,90.942
88689,2.838,31.982,90.942
88712,2.840,31.958,90.942
88735,2.840,31.982,90.942
88758,2.840,31.982,90.942
88782,2.840,31.958,90.942
88805,2.840,31.934,90.942
88828,2.839,31.934,90.942
88851,2.840,31.934,90.942
88875,2.840,31.982,90.942
88898,2.839,31.982,90.942
88921,2.839,31.982,90.942
88944,2.839,31.958,90.942
88969,2.840,31.982,90.942
88992,2.840,31.982,90.942
89015,2.840,31.982,90.942
89038,2.839,31.982,90.942
89061,2.840,31.982,90.942
89085,2.840,31.958,90.942
89108,2.840,31.982,90.942
89131,2.840,32.007,90.942
89154,2.840,32.007,90.942
89179,2.839,32.007,90.942
89202,2.839,32.007,90.942
89225,2.839,32.007,90.942
89248,2.839,32.007,90.942
89271,2.838,32.007,90.942
89295,2.839,32.007,90.942
89318,2.838,32.007,90.942
89341,2.836,32.056,90.942
89364,2.834,32.227,91.553
89388,2.832,32.324,92.163
89411,2.830,32.324,91.553
89434,2.829,32.324,91.553
89458,2.830,32.324,91.553
89481,2.829,32.373,91.553
89504,2.830,32.300,91.553
89527,2.828,32.349,91.553
89550,2.829,32.397,91.553
89573,2.829,32.349,91.553
89597,2.826,32.446,92.163
89620,2.828,32.446,92.163
89643,2.828,32.397,92.163
89666,2.828,32.349,91.553
89690,2.826,32.373,91.553
89713,2.826,32.397,91.553
89736,2.828,32.422,92.163
89759,2.830,32.446,92.163
89782,2.828,32.397,91.553
89806,2.825,32.373,91.553
89829,2.828,32.471,92.163
89852,2.829,32.446,92.163
89875,2.828,32.471,92.163
89898,2.826,32.422,91.553
89921,2.832,32.153,90.942
89944,2.832,32.202,90.942
89967,2.832,32.178,90.942
89991,2.832,32.178,90.942
90014,2.832,32.202,90.942
90037,2.829,32.251,91.553
90060,2.830,32.275,91.553
90083,2.839,31.982,90.942
90107,2.845,31.543,89.722
90130,2.852,31.274,90.332
90153,3.375,4.517,15.259
90176,3.453,-0.049,0.000
90199,3.454,-0.098,0.000
90222,3.454,-0.073,0.000
90245,3.454,-0.073,0.000
90268,3.453,-0.049,0.000
90291,3.454,-0.073,0.000
90315,3.454,-0.049,0.000
90338,3.454,-0.073,0.000
90361,3.454,-0.073,0.000
90384,3.454,-0.073,0.000
90410,3.453,-0.098,0.000
90433,3.454,-0.073,0.000
90456,3.454,-0.073,0.000
90479,3.455,-0.073,0.000
90503,3.455,-0.073,0.000
90526,3.454,-0.073,0.000
90549,3.454,-0.073,0.000
90572,3.454,-0.073,0.000
90595,3.454,-0.073,0.000
90619,3.454,-0.098,0.000
90642,3.454,-0.049,0.000
90665,3.454,-0.073,0.000
90688,3.454,-0.073,0.000
90711,3.454,-0.049,0.000
90734,3.454,-0.073,0.000
90757,3.454,-0.073,0.000
90780,3.454,-0.049,0.000
90803,3.453,-0.049,0.000
90827,3.454,-0.073,0.000
90850,3.454,-0.073,0.000
90873,3.454,-0.073,0.000
90896,3.454,-0.049,0.000
90921,3.454,-0.073,0.000
90944,3.454,-0.073,0.000
90967,3.454,-0.049,0.000
90990,3.454,-0.073,0.000
91014,3.454,-0.073,0.000
91037,3.454,-0.073,0.000
91060,3.454,-0.049,0.000
91083,3.454,-0.049,0.000
91106,3.454,-0.073,0.000
91130,3.454,-0.049,0.000
91153,3.454,-0.073,0.000
91176,3.454,-0.073,0.000
91199,3.454,-0.073,0.000
91222,3.454,-0.073,0.000
91245,3.454,-0.073,0.000
91268,3.454,-0.073,0.000
91291,3.454,-0.073,0.000
91314,3.454,-0.073,0.000
91338,3.454,-0.073,0.000
91361,3.454,-0.073,0.000
91384,3.454,-0.073,0.000
91407,3.454,-0.073,0.000
91430,3.454,-0.073,0.000
91453,3.454,-0.073,0.000
91476,3.454,-0.073,0.000
91499,3.454,-0.073,0.000
91522,3.454,-0.098,0.000
91545,3.453,-0.073,0.000
91568,3.454,-0.073,0.000
91591,3.454,-0.073,0.000
91614,3.455,-0.073,0.000
91639,3.454,-0.073,0.000
91662,3.454,-0.073,0.000
91685,3.454,-0.073,0.000
91708,3.454,-0.073,0.000
91732,3.455,-0.073,0.000
91755,3.454,-0.049,0.000
91778,3.454,-0.073,0.000
91801,3.454,-0.073,0.000
91824,3.454,-0.073,0.000
91848,3.388,3.833,12.817
91871,3.266,5.933,26.855
91894,3.188,10.425,31.738
91917,3.315,7.983,26.245
91940,3.316,7.983,26.245
91964,3.316,7.983,26.245
91987,3.316,7.983,26.855
92010,3.315,8.008,26.855
92033,3.318,7.910,26.245
92057,3.318,7.910,26.245
92080,3.318,7.935,26.245
92103,3.318,7.910,26.245
92127,2.965,26.685,78.735
92151,2.976,21.484,64.087
92174,3.335,6.836,55.542
92197,3.068,24.731,71.411
92220,3.331,9.692,32.349
92244,3.092,18.384,56.152
92267,2.832,32.178,90.942
92290,2.832,32.104,90.942
92313,2.831,32.080,90.942
92336,2.832,32.251,91.553
92359,2.828,32.129,91.553
92382,2.828,32.153,90.942
92405,2.829,32.251,90.942
92428,2.822,32.104,90.332
92451,2.822,32.153,90.942
92474,2.825,32.104,90.332
92497,2.820,32.104,90.332
92520,2.820,32.153,90.942
92543,2.820,32.153,90.942
92566,2.821,32.251,90.942
92589,2.824,32.227,90.942
92612,2.821,32.104,90.332
92635,2.820,32.080,90.332
92659,2.822,32.251,90.942
92682,2.824,32.202,90.942
92705,2.822,32.056,90.332
92728,2.825,32.104,90.332
92751,2.826,32.104,90.942
92775,2.819,32.056,90.332
92798,2.819,32.324,90.942
92821,2.820,32.129,90.332
92844,2.818,32.104,90.332
92868,2.819,32.056,90.332
92891,2.820,32.129,90.332
92914,2.822,32.104,90.942
92937,2.821,31.909,89.722
92962,2.824,31.958,90.332
92985,2.824,31.714,89.722
93008,2.830,31.787,89.722
93031,2.835,31.567,89.111
93054,2.836,31.323,88.501
93078,2.832,31.396,89.111
93101,2.839,31.177,88.501
93124,3.205,18.237,15.259
93147,3.340,6.348,20.752
93172,3.454,-0.098,0.000
93195,3.454,-0.073,0.000
93218,3.454,-0.098,0.000
93241,3.454,-0.073,0.000
93264,3.454,-0.073,0.000
93288,3.454,-0.073,0.000
93311,3.454,-0.049,0.000
93334,3.454,-0.073,0.000
93357,3.453,-0.073,0.000
93381,3.455,-0.073,0.000
93404,3.454,-0.073,0.000
93427,3.455,-0.073,0.000
93450,3.454,-0.073,0.000
93475,3.454,-0.049,0.000
93498,3.454,-0.073,0.000
93521,3.454,-0.098,0.000
93544,3.454,-0.049,0.000
93567,3.455,-0.073,0.000
93591,3.454,-0.073,0.000
93614,3.454,-0.073,0.000
93637,3.454,-0.073,0.000
93660,3.455,-0.073,0.000
93684,3.454,-0.073,0.000
93707,3.454,-0.098,0.000
93730,3.454,-0.073,0.000
93753,3.454,-0.073,0.000
93776,3.454,-0.073,0.000
93800,3.453,-0.073,0.000
93823,3.454,-0.098,0.000
93846,3.454,-0.073,0.000
93869,3.454,-0.073,0.000
93893,3.454,-0.073,0.000
93916,3.454,-0.098,0.000
93939,3.454,-0.049,0.000
93962,3.454,-0.049,0.000
93987,3.454,-0.073,0.000
94010,3.454,-0.073,0.000
94033,3.454,-0.073,0.000
94056,3.454,-0.073,0.000
94079,3.454,-0.073,0.000
94103,3.454,-0.073,0.000
94126,3.454,-0.073,0.000
94149,3.453,-0.073,0.000
94172,3.454,-0.073,0.000
94196,3.454,-0.049,0.000
94219,3.385,5.688,17.700
94242,3.339,6.470,21.973
94265,3.118,15.820,46.997
94288,3.314,7.983,26.245
94312,3.312,7.983,26.245
94335,3.314,7.983,26.245
94358,3.312,7.983,26.245
94381,3.315,7.910,26.245
94406,3.315,7.910,26.245
94429,3.314,7.910,26.245
94452,3.314,7.910,26.245
94476,3.314,7.910,26.245
94499,3.076,22.925,63.477
94522,2.977,20.752,64.087
94545,3.216,15.991,50.049
94568,2.995,25.049,74.463
94591,3.331,6.934,23.193
94615,3.006,19.580,59.204
94638,3.206,17.505,54.932
94661,3.332,6.860,23.193
94684,3.287,9.375,31.128
94708,3.287,9.375,31.128
94731,3.454,-0.073,0.000
94754,3.454,-0.049,0.000
94777,3.453,-0.073,0.000
94800,3.454,-0.073,0.000
94824,3.454,-0.073,0.000
94847,3.454,-0.073,0.000
94870,3.453,-0.073,0.000
94893,3.454,-0.049,0.000
94917,3.454,-0.073,0.000
94940,3.454,-0.049,0.000
94963,3.454,-0.073,0.000
94986,3.454,-0.073,0.000
95011,3.454,-0.049,0.000
95034,3.454,-0.049,0.000
95057,3.454,-0.073,0.000
95080,3.454,-0.073,0.000
95103,3.454,-0.073,0.000
95127,3.454,-0.073,0.000
95150,3.454,-0.073,0.000
95173,3.454,-0.073,0.000
95196,3.454,-0.073,0.000
95219,3.454,-0.073,0.000
95242,3.454,-0.073,0.000
95265,3.454,-0.049,0.000
95288,3.454,-0.073,0.000
95311,3.454,-0.073,0.000
95334,3.454,-0.049,0.000
95357,3.453,-0.073,0.000
95380,3.454,-0.073,0.000
95403,3.454,-0.073,0.000
95427,3.454,-0.073,0.000
95450,3.454,-0.073,0.000
95473,3.454,-0.073,0.000
95496,3.454,-0.049,0.000
95520,3.453,-0.073,0.000
95543,3.454,-0.073,0.000
95566,3.454,-0.073,0.000
95589,3.454,-0.098,0.610
95612,3.454,-0.073,0.000
95636,3.454,-0.098,0.000
95659,3.454,-0.073,0.000
95682,3.454,-0.073,0.000
95705,3.454,-0.073,0.000
95728,3.454,-0.073,0.000
95751,3.454,-0.073,0.000
95774,3.454,-0.073,0.000
95797,3.454,-0.073,0.000
95820,3.453,-0.073,0.000
95844,3.455,-0.073,0.000
95867,3.454,-0.073,0.000
95890,3.454,-0.098,0.000
95913,3.454,-0.073,0.000
95938,3.289,11.084,34.790
95961,3.340,6.421,20.752
95984,3.374,4.395,15.259
96007,3.311,7.983,26.245
96030,3.311,7.983,26.245
96054,3.312,7.983,26.245
96077,3.312,7.983,26.245
96100,3.314,7.886,26.245
96123,3.314,7.910,26.245
96147,3.312,7.910,26.245
96170,3.312,7.886,26.245
96193,3.121,18.311,55.542
96217,2.996,24.805,73.242
96240,3.094,17.139,23.193
96263,3.286,18.750,56.763
96286,2.939,23.853,70.190
96309,3.328,6.885,23.193
96332,2.969,25.317,74.463
96356,3.122,18.042,54.932
96379,3.305,8.008,26.855
96402,3.283,9.326,31.128
96425,3.283,9.326,31.128
96450,3.455,-0.073,0.000
96473,3.454,-0.073,0.000
96496,3.455,-0.073,0.000
96519,3.454,-0.073,0.000
96542,3.453,-0.073,0.000
96566,3.454,-0.073,0.000
96589,3.454,-0.073,0.000
96612,3.454,-0.073,0.000
96635,3.454,-0.098,0.000
96659,3.453,-0.073,0.000
96682,3.454,-0.098,0.000
96705,3.454,-0.073,0.000
96729,3.454,-0.073,0.000
96752,3.454,-0.073,0.000
96775,3.454,-0.073,0.000
96798,3.454,-0.073,0.000
96821,3.454,-0.073,0.000
96844,3.454,-0.049,0.000
96868,3.454,-0.073,0.000
96891,3.454,-0.073,0.000
96914,3.454,-0.073,0.000
96937,3.454,-0.049,0.000
96961,3.454,-0.098,0.000
96984,3.454,-0.073,0.000
97007,3.454,-0.073,0.000
97030,3.454,-0.098,0.000
97053,3.454,-0.073,0.000
97077,3.454,-0.098,0.000
97100,3.454,-0.073,0.000
97123,3.454,-0.073,0.000
97146,3.454,-0.073,0.000
97171,3.454,-0.049,0.000
97194,3.454,-0.073,0.000
97217,3.453,-0.073,0.000
97241,3.455,-0.073,0.000
97264,3.454,-0.049,0.000
97287,3.454,-0.073,0.000
97310,3.454,-0.073,0.000
97333,3.454,-0.049,0.000
97356,3.454,-0.073,0.000
97380,3.454,-0.073,0.000
97403,3.453,-0.073,0.000
97426,3.454,-0.073,0.000
97449,3.454,-0.073,0.000
97474,3.455,-0.049,0.000
97497,3.454,-0.073,0.000
97520,3.454,-0.073,0.000
97543,3.454,-0.073,0.000
97566,3.453,-0.073,0.000
97590,3.454,-0.073,0.000
97613,3.454,-0.049,0.000
97636,3.454,-0.073,0.000
97659,3.454,-0.073,0.000
97683,3.454,-0.073,0.000
97706,3.454,-0.098,0.000
97729,3.454,-0.073,0.000
97753,3.454,-0.073,0.000
97776,3.454,-0.073,0.000
97799,3.453,-0.073,0.000
97822,3.454,-0.073,0.000
97845,3.454,-0.073,0.000
97868,3.454,-0.098,0.000
97892,3.454,-0.073,0.000
97915,3.454,-0.073,0.000
97938,3.454,-0.073,0.000
97961,3.454,-0.073,0.000
97985,3.454,-0.073,0.000
98008,3.454,-0.073,0.000
98031,3.454,-0.073,0.000
98054,3.454,-0.073,0.000
98077,3.454,-0.073,0.000
98101,3.454,-0.073,0.000
98124,3.454,-0.073,0.610
98147,3.454,-0.073,0.000
98170,3.454,-0.073,0.000
98194,3.453,-0.073,0.000
98217,3.454,-0.073,0.000
98240,3.454,-0.098,0.000
98263,3.454,-0.073,0.000
98288,3.454,-0.073,0.000
98311,3.455,-0.073,0.000
98334,3.454,-0.073,0.000
98357,3.454,-0.098,0.000
98380,3.453,-0.073,0.000
98404,3.454,-0.098,0.000
98427,3.454,-0.073,0.000
98450,3.455,-0.073,0.000
98473,3.454,-0.073,0.000
98498,3.455,-0.073,0.000
98521,3.454,-0.073,0.000
98544,3.454,-0.098,0.000
98567,3.454,-0.073,0.000
98590,3.454,-0.073,0.000
98614,3.455,-0.073,0.000
98637,3.454,-0.073,0.000
98660,3.454,-0.073,0.000
98683,3.454,-0.049,0.000
98707,3.454,-0.073,0.000
98730,3.454,-0.073,0.000
98753,3.454,-0.098,0.000
98777,3.454,-0.073,0.000
98800,3.454,-0.098,0.000
98823,3.454,-0.073,0.000
98846,3.454,-0.073,0.000
98869,3.454,-0.073,0.000
98892,3.454,-0.073,0.000
98916,3.454,-0.073,0.000
98939,3.454,-0.073,0.000
98962,3.454,-0.073,0.000
98985,3.453,-0.098,0.000
99010,3.454,-0.098,0.000
99033,3.454,-0.073,0.000
99056,3.454,-0.073,0.000
99079,3.455,-0.073,0.000
99102,3.454,-0.073,0.000
99126,3.454,-0.073,0.000
99149,3.454,-0.073,0.000
99172,3.454,-0.073,0.000
99195,3.453,-0.098,0.000
99219,3.455,-0.073,0.610
99242,3.454,-0.073,0.000
99265,3.454,-0.073,0.000
99289,3.455,-0.073,0.000
99313,3.454,-0.073,0.000
99336,3.454,-0.049,0.000
99359,3.454,-0.073,0.000
99382,3.454,-0.073,0.000
99405,3.454,-0.073,0.000
99429,3.454,-0.073,0.000
99452,3.454,-0.073,0.000
99475,3.454,-0.073,0.000
99498,3.454,-0.073,0.000
99523,3.454,-0.073,0.000
99546,3.454,-0.073,0.000
99569,3.454,-0.073,0.000
99592,3.455,-0.073,0.000
99616,3.454,-0.098,0.000
99640,3.454,-0.098,0.000
99663,3.454,-0.073,0.000
99686,3.454,-0.098,0.000
99709,3.454,-0.073,0.000
99733,3.454,-0.049,0.000
99756,3.454,-0.073,0.000
99779,3.454,-0.073,0.000
99802,3.454,-0.073,0.000
99825,3.454,-0.073,0.000
99848,3.454,-0.073,0.000
99871,3.454,-0.073,0.000
99894,3.454,-0.073,0.000
99917,3.454,-0.073,0.000
99941,3.454,-0.073,0.000
99964,3.454,-0.073,0.000
99987,3.454,-0.073,0.000
100010,3.454,-0.073,0.000
100035,3.454,-0.073,0.000
100058,3.454,-0.073,0.000
100081,3.454,-0.073,0.000
100104,3.454,-0.073,0.000
100127,3.454,-0.073,0.000
100151,3.454,-0.073,0.000
100174,3.454,-0.073,0.000
100197,3.454,-0.073,0.000
100220,3.454,-0.073,0.000
100244,3.454,-0.073,0.000
100267,3.454,-0.073,0.000
100290,3.454,-0.073,0.000
100313,3.454,-0.073,0.000
100337,3.454,-0.098,0.000
100360,3.454,-0.073,0.000
100383,3.454,-0.073,0.000
100406,3.454,-0.073,0.000
100429,3.454,-0.073,0.000
100453,3.454,-0.073,0.000
100476,3.454,-0.073,0.000
100499,3.455,-0.073,0.000
100522,3.454,-0.073,0.000
100547,3.454,-0.073,0.000
100570,3.454,-0.073,0.000
100593,3.454,-0.073,0.000
100616,3.454,-0.073,0.000
100639,3.454,-0.073,0.000
100663,3.454,-0.073,0.000
100686,3.454,-0.073,0.000
100709,3.454,-0.098,0.000
100732,3.454,-0.073,0.000
100756,3.454,-0.073,0.000
100779,3.455,-0.073,0.000
100802,3.454,-0.073,0.000
100825,3.454,-0.098,0.000
100849,3.454,-0.073,0.000
100872,3.455,-0.073,0.000
100895,3.454,-0.073,0.000
100918,3.454,-0.073,0.000
100941,3.455,-0.073,0.000
100965,3.453,-0.098,0.000
100988,3.454,-0.049,0.000
101011,3.454,-0.073,0.000
101034,3.454,-0.073,0.000
101059,3.454,-0.073,0.000
101082,3.454,-0.073,0.000
101105,3.454,-0.073,0.000
101128,3.454,-0.073,0.000
101151,3.454,-0.073,0.000
101175,3.454,-0.073,0.000
101198,3.454,-0.073,0.000
101221,3.454,-0.073,0.000
101244,3.454,-0.098,0.000
101268,3.454,-0.098,0.000
101291,3.454,-0.073,0.000
101314,3.454,-0.073,0.000
101337,3.454,-0.073,0.000
101361,3.454,-0.049,0.000
101384,3.454,-0.073,0.000
101407,3.454,-0.073,0.000
101430,3.454,-0.098,0.000
101453,3.454,-0.073,0.000
101477,3.455,-0.073,0.000
101500,3.454,-0.073,0.000
101523,3.454,-0.073,0.000
101546,3.455,-0.049,0.000
101570,3.454,-0.073,0.000
101593,3.454,-0.098,0.000
101616,3.454,-0.073,0.000
101639,3.455,-0.073,0.000
101662,3.454,-0.073,0.000
101686,3.454,-0.073,0.000
101709,3.454,-0.073,0.000
101732,3.454,-0.073,0.000
101755,3.454,-0.073,0.000
101779,3.455,-0.073,0.000
101802,3.454,-0.073,0.000
101825,3.454,-0.073,0.000
101848,3.454,-0.073,0.000
101873,3.454,-0.073,0.000
101896,3.454,-0.073,0.000
101919,3.454,-0.073,0.000
101942,3.454,-0.073,0.000
101965,3.455,-0.073,0.000
101989,3.454,-0.073,0.000
102012,3.455,-0.049,0.000
102035,3.454,-0.073,0.000
102058,3.454,-0.073,0.000
102083,3.454,-0.073,0.000
102106,3.454,-0.073,0.000
102129,3.454,-0.073,0.000
102152,3.454,-0.073,0.000
102175,3.454,-0.073,0.000
102199,3.454,-0.073,0.000
102222,3.454,-0.073,0.000
102245,3.454,-0.098,0.000
102268,3.454,-0.073,0.000
102292,3.454,-0.098,0.000
102315,3.454,-0.073,0.000
102338,3.454,-0.098,0.000
102361,3.454,-0.073,0.000
102385,3.454,-0.073,0.000
102408,3.454,-0.073,0.000
102431,3.454,-0.073,0.000
102454,3.454,-0.098,0.000
102477,3.455,-0.073,0.000
102501,3.454,-0.073,0.000
102524,3.454,-0.098,0.000
102547,3.453,-0.073,0.000
